,genotype,fitness,tree_depth,phenotype,other_info,mapping_values
0,"[[0], [0, 3, 3], [1], [], [0, 0], [], [0], [0, 2, 9]]",0.04489258793682238,4,0.029+((x[0])-(x[0])),"{'generation': 0, 'evals': 1, 'test_error': 0.0}","[1, 3, 1, 0, 2, 0, 1, 3]"
1,"[[0], [1], [], [3], [], [0], [0, 0], [0, 0, 2, 6, 5, 2, 8, 7, 9, 8]]",2.436191234135002,5,0.002+((_sig_(0.652*(x[0]-87.98)))),"{'generation': 0, 'evals': 1, 'test_error': 0.0}","[1, 1, 0, 1, 0, 1, 2, 10]"
2,"[[0], [0, 1, 1], [3], [3, 3], [], [0, 0], [0, 0, 0], [0, 3, 2, 5, 7, 4, 8, 8, 0, 4, 3, 4, 4, 4, 6, 4, 6]]",2.4491580213880284,6,0.032+(((_sig_(0.574*(x[0]-88.04))))|_div_|((_sig_(0.344*(x[0]-46.46))))),"{'generation': 0, 'evals': 1, 'test_error': 0.0}","[1, 3, 1, 2, 0, 2, 3, 17]"
3,"[[0], [1], [], [2], [], [0, 0], [0], [0, 3, 6, 9, 3, 7, 8, 1, 2, 6, 3]]",4.225116216734045,5,0.036+((_exp_((x[0]-93.78)|_div_|12.63))),"{'generation': 0, 'evals': 1, 'test_error': 0.0}","[1, 1, 0, 1, 0, 2, 1, 11]"
4,"[[0], [0, 1, 3], [3], [3], [0], [0], [0, 0], [3, 8, 2, 6, 5, 5, 4, 4, 3, 2]]",5.167778626165683,6,0.382+(((_sig_(0.655*(x[0]-44.32))))|_div_|(x[0])),"{'generation': 0, 'evals': 1, 'test_error': 0.0}","[1, 3, 1, 1, 1, 1, 2, 10]"
5,"[[0], [0, 3, 1, 2], [3], [0], [0], [0], [0], [4, 0, 1, 4, 6, 9, 2]]",5.493794545077338,7,0.401+((x[0])|_div_|((_exp_(46.92)))),"{'generation': 0, 'evals': 1, 'test_error': 0.0}","[1, 4, 1, 1, 1, 1, 1, 7]"
6,"[[0], [0, 3, 3], [1], [], [0, 0], [], [0], [4, 0, 5]]",5.616156615136642,4,0.405+((x[0])-(x[0])),"{'generation': 0, 'evals': 1, 'test_error': 0.0}","[1, 3, 1, 0, 2, 0, 1, 3]"
7,"[[0], [0, 1, 3], [3], [2], [0], [0, 0], [0], [1, 4, 2, 1, 5, 3, 6, 1, 8, 3, 5]]",5.733007086189199,6,0.142+(((_exp_((x[0]-15.36)|_div_|18.35)))|_div_|(x[0])),"{'generation': 0, 'evals': 1, 'test_error': 0.0}","[1, 3, 1, 1, 1, 2, 1, 11]"
8,"[[0], [0, 1, 2], [3], [3], [], [0, 0], [0, 0], [4, 1, 1, 7, 8, 3, 8, 8, 2, 7, 6, 2, 5, 6]]",5.838632678215954,6,0.411+(((_sig_(0.783*(x[0]-88.27))))|_div_|(62.56)),"{'generation': 0, 'evals': 1, 'test_error': 0.0}","[1, 3, 1, 1, 0, 2, 2, 14]"
9,"[[0], [1], [], [1], [], [0, 0], [0], [3, 5, 7, 9, 6, 7, 4, 0, 2, 1, 6]]",10.167371379609172,5,0.357+((_exp_((x[0]-96.74)|_div_|02.16))),"{'generation': 0, 'evals': 1, 'test_error': 0.0}","[1, 1, 0, 1, 0, 2, 1, 11]"
10,"[[0], [0, 1, 2], [3], [2], [], [0, 0, 0], [0], [5, 1, 8, 0, 9, 6, 9, 6, 4, 1, 1, 4, 6, 5, 9]]",11.26742078197948,6,0.518+(((_exp_((x[0]-09.69)|_div_|64.11)))|_div_|(46.59)),"{'generation': 0, 'evals': 1, 'test_error': 0.0}","[1, 3, 1, 1, 0, 3, 1, 15]"
11,"[[0], [1], [], [3], [], [0], [0, 0], [1, 8, 9, 9, 8, 8, 6, 9, 1, 0]]",12.310475991170355,5,0.189+((_sig_(0.988*(x[0]-69.10)))),"{'generation': 0, 'evals': 1, 'test_error': 0.0}","[1, 1, 0, 1, 0, 1, 2, 10]"
12,"[[0], [0, 1, 3, 1, 3], [1], [0, 0], [0, 0], [], [0], [6, 0, 7]]",13.367893218065422,6,0.607+(((_exp_(x[0])))-((_exp_(x[0])))),"{'generation': 0, 'evals': 1, 'test_error': 0.0}","[1, 5, 1, 2, 2, 0, 1, 3]"
13,"[[0], [1], [], [3], [], [0], [0, 0], [3, 5, 0, 7, 0, 9, 7, 3, 4, 1]]",14.721939877403358,5,0.350+((_sig_(0.709*(x[0]-73.41)))),"{'generation': 0, 'evals': 1, 'test_error': 0.0}","[1, 1, 0, 1, 0, 1, 2, 10]"
14,"[[0], [0, 1, 3], [3], [2], [0], [0, 0], [0], [6, 7, 4, 8, 2, 8, 1, 7, 8, 4, 6]]",17.24090340910403,6,0.674+(((_exp_((x[0]-82.81)|_div_|78.46)))|_div_|(x[0])),"{'generation': 0, 'evals': 1, 'test_error': 0.0}","[1, 3, 1, 1, 1, 2, 1, 11]"
15,"[[0], [1], [], [2], [], [0, 0], [0], [1, 9, 6, 9, 8, 5, 3, 6, 6, 5, 7]]",18.358661225463482,5,0.196+((_exp_((x[0]-98.53)|_div_|66.57))),"{'generation': 0, 'evals': 1, 'test_error': 0.0}","[1, 1, 0, 1, 0, 2, 1, 11]"
16,"[[0], [1], [], [1], [], [0, 0], [0], [2, 5, 4, 8, 7, 1, 2, 3, 5, 7, 0]]",19.254654311851233,5,0.254+((_exp_((x[0]-87.12)|_div_|35.70))),"{'generation': 0, 'evals': 1, 'test_error': 0.0}","[1, 1, 0, 1, 0, 2, 1, 11]"
17,"[[0], [0, 1, 1], [0], [3, 3], [], [0, 0], [0, 0, 0], [4, 1, 8, 9, 3, 6, 9, 2, 3, 9, 5, 0, 6, 7, 3, 0, 8]]",21.313336881638442,6,0.418+(((_sig_(0.936*(x[0]-92.39))))+((_sig_(0.506*(x[0]-73.08))))),"{'generation': 0, 'evals': 1, 'test_error': 0.0}","[1, 3, 1, 2, 0, 2, 3, 17]"
18,"[[0], [1], [], [2], [], [0, 0], [0], [5, 1, 9, 9, 0, 3, 5, 1, 4, 7, 5]]",22.02877187010804,5,0.519+((_exp_((x[0]-90.35)|_div_|14.75))),"{'generation': 0, 'evals': 1, 'test_error': 0.0}","[1, 1, 0, 1, 0, 2, 1, 11]"
19,"[[0], [1], [], [2], [], [0, 0], [0], [3, 8, 0, 9, 0, 2, 3, 3, 4, 2, 4]]",22.790313246753517,5,0.380+((_exp_((x[0]-90.23)|_div_|34.24))),"{'generation': 0, 'evals': 1, 'test_error': 0.0}","[1, 1, 0, 1, 0, 2, 1, 11]"
20,"[[0], [2], [], [], [], [0], [0], [7, 8, 9, 0, 0, 0, 2]]",23.84464543710342,4,0.789+(00.02),"{'generation': 0, 'evals': 1, 'test_error': 0.0}","[1, 1, 0, 0, 0, 1, 1, 7]"
21,"[[0], [1], [], [2], [], [0, 0], [0], [3, 4, 8, 8, 4, 3, 5, 2, 9, 5, 1]]",24.16296254828456,5,0.348+((_exp_((x[0]-84.35)|_div_|29.51))),"{'generation': 0, 'evals': 1, 'test_error': 0.0}","[1, 1, 0, 1, 0, 2, 1, 11]"
22,"[[0], [1], [], [3], [], [0], [0, 0], [5, 6, 2, 1, 0, 0, 6, 7, 5, 0]]",27.685320207909875,5,0.562+((_sig_(0.100*(x[0]-67.50)))),"{'generation': 0, 'evals': 1, 'test_error': 0.0}","[1, 1, 0, 1, 0, 1, 2, 10]"
23,"[[0], [1], [], [2], [], [0, 0], [0], [0, 6, 3, 6, 9, 7, 9, 9, 2, 2, 7]]",28.353378184855025,5,0.063+((_exp_((x[0]-69.79)|_div_|92.27))),"{'generation': 0, 'evals': 1, 'test_error': 0.0}","[1, 1, 0, 1, 0, 2, 1, 11]"
24,"[[0], [1], [], [3], [], [0], [0, 0], [1, 7, 6, 4, 3, 5, 3, 6, 3, 5]]",28.555599396262817,5,0.176+((_sig_(0.435*(x[0]-36.35)))),"{'generation': 0, 'evals': 1, 'test_error': 0.0}","[1, 1, 0, 1, 0, 1, 2, 10]"
25,"[[0], [0, 1, 2], [3], [3], [], [0, 0], [0, 0], [9, 0, 2, 5, 9, 9, 6, 1, 7, 0, 6, 9, 7, 9]]",29.720897896031644,6,0.902+(((_sig_(0.599*(x[0]-61.70))))|_div_|(69.79)),"{'generation': 0, 'evals': 1, 'test_error': 0.0}","[1, 3, 1, 1, 0, 2, 2, 14]"
26,"[[0], [1], [], [3], [], [0], [0, 0], [4, 6, 5, 4, 9, 6, 5, 7, 0, 0]]",30.71571255498067,5,0.465+((_sig_(0.496*(x[0]-57.00)))),"{'generation': 0, 'evals': 1, 'test_error': 0.0}","[1, 1, 0, 1, 0, 1, 2, 10]"
27,"[[0], [1], [], [1], [], [0, 0], [0], [5, 3, 7, 8, 4, 3, 3, 1, 2, 6, 7]]",31.170210041672377,5,0.537+((_exp_((x[0]-84.33)|_div_|12.67))),"{'generation': 0, 'evals': 1, 'test_error': 0.0}","[1, 1, 0, 1, 0, 2, 1, 11]"
28,"[[0], [1], [], [3], [], [0], [0, 0], [7, 7, 6, 1, 0, 0, 8, 1, 8, 9]]",31.761604601667326,5,0.776+((_sig_(0.100*(x[0]-81.89)))),"{'generation': 0, 'evals': 1, 'test_error': 0.0}","[1, 1, 0, 1, 0, 1, 2, 10]"
29,"[[0], [1], [], [1], [], [0, 0], [0], [3, 4, 4, 9, 9, 8, 5, 9, 8, 7, 7]]",32.40014988282996,5,0.344+((_exp_((x[0]-99.85)|_div_|98.77))),"{'generation': 0, 'evals': 1, 'test_error': 0.0}","[1, 1, 0, 1, 0, 2, 1, 11]"
30,"[[0], [1], [], [1], [], [0, 0], [0], [3, 6, 8, 8, 3, 6, 6, 5, 4, 1, 8]]",32.70952325869046,5,0.368+((_exp_((x[0]-83.66)|_div_|54.18))),"{'generation': 0, 'evals': 1, 'test_error': 0.0}","[1, 1, 0, 1, 0, 2, 1, 11]"
31,"[[0], [0, 3, 2], [3], [], [0], [0], [0], [4, 5, 9, 9, 4, 7, 9]]",33.06639140845129,5,0.459+((x[0])|_div_|(94.79)),"{'generation': 0, 'evals': 1, 'test_error': 0.0}","[1, 3, 1, 0, 1, 1, 1, 7]"
32,"[[0], [1], [], [3], [], [0], [0, 0], [8, 7, 3, 0, 6, 1, 9, 9, 7, 1]]",33.58845866289911,5,0.873+((_sig_(0.061*(x[0]-99.71)))),"{'generation': 0, 'evals': 1, 'test_error': 0.0}","[1, 1, 0, 1, 0, 1, 2, 10]"
33,"[[0], [1], [], [2], [], [0, 0], [0], [5, 3, 7, 8, 2, 4, 8, 1, 4, 5, 1]]",33.95132616491273,5,0.537+((_exp_((x[0]-82.48)|_div_|14.51))),"{'generation': 0, 'evals': 1, 'test_error': 0.0}","[1, 1, 0, 1, 0, 2, 1, 11]"
34,"[[0], [1], [], [3], [], [0], [0, 0], [0, 8, 4, 3, 1, 3, 0, 4, 7, 2]]",35.0311335845646,5,0.084+((_sig_(0.313*(x[0]-04.72)))),"{'generation': 0, 'evals': 1, 'test_error': 0.0}","[1, 1, 0, 1, 0, 1, 2, 10]"
35,"[[0], [1], [], [2], [], [0, 0], [0], [4, 3, 6, 9, 2, 2, 3, 7, 2, 1, 9]]",36.30773923009075,5,0.436+((_exp_((x[0]-92.23)|_div_|72.19))),"{'generation': 0, 'evals': 1, 'test_error': 0.0}","[1, 1, 0, 1, 0, 2, 1, 11]"
36,"[[0], [1], [], [3], [], [0], [0, 0], [9, 6, 0, 6, 4, 9, 9, 0, 1, 7]]",37.57224646787751,5,0.960+((_sig_(0.649*(x[0]-90.17)))),"{'generation': 0, 'evals': 1, 'test_error': 0.0}","[1, 1, 0, 1, 0, 1, 2, 10]"
37,"[[0], [1], [], [3], [], [0], [0, 0], [3, 5, 3, 5, 3, 2, 3, 3, 1, 6]]",40.12277881992322,5,0.353+((_sig_(0.532*(x[0]-33.16)))),"{'generation': 0, 'evals': 1, 'test_error': 0.0}","[1, 1, 0, 1, 0, 1, 2, 10]"
38,"[[0], [1], [], [2], [], [0, 0], [0], [5, 7, 9, 8, 2, 6, 2, 3, 7, 3, 4]]",41.79052217546971,5,0.579+((_exp_((x[0]-82.62)|_div_|37.34))),"{'generation': 0, 'evals': 1, 'test_error': 0.0}","[1, 1, 0, 1, 0, 2, 1, 11]"
39,"[[0], [1], [], [1], [], [0, 0], [0], [6, 8, 9, 8, 6, 8, 2, 3, 5, 2, 1]]",44.42021043266826,5,0.689+((_exp_((x[0]-86.82)|_div_|35.21))),"{'generation': 0, 'evals': 1, 'test_error': 0.0}","[1, 1, 0, 1, 0, 2, 1, 11]"
40,"[[0], [1], [], [2], [], [0, 0], [0], [2, 6, 3, 6, 2, 4, 0, 5, 7, 4, 1]]",44.70009506258781,5,0.263+((_exp_((x[0]-62.40)|_div_|57.41))),"{'generation': 0, 'evals': 1, 'test_error': 0.0}","[1, 1, 0, 1, 0, 2, 1, 11]"
41,"[[0], [1], [], [2], [], [0, 0], [0], [7, 1, 5, 8, 1, 9, 3, 2, 0, 2, 0]]",45.47639343445705,5,0.715+((_exp_((x[0]-81.93)|_div_|20.20))),"{'generation': 0, 'evals': 1, 'test_error': 0.0}","[1, 1, 0, 1, 0, 2, 1, 11]"
42,"[[0], [1], [], [3], [], [0], [0, 0], [4, 2, 1, 4, 4, 2, 2, 9, 9, 2]]",46.29152714939294,5,0.421+((_sig_(0.442*(x[0]-29.92)))),"{'generation': 0, 'evals': 1, 'test_error': 0.0}","[1, 1, 0, 1, 0, 1, 2, 10]"
43,"[[0], [1], [], [1], [], [0, 0], [0], [4, 1, 3, 7, 0, 4, 7, 6, 1, 6, 7]]",47.384357731733004,5,0.413+((_exp_((x[0]-70.47)|_div_|61.67))),"{'generation': 0, 'evals': 1, 'test_error': 0.0}","[1, 1, 0, 1, 0, 2, 1, 11]"
44,"[[0], [1], [], [3], [], [0], [0, 0], [5, 7, 0, 2, 4, 2, 3, 7, 4, 3]]",50.41512437333635,5,0.570+((_sig_(0.242*(x[0]-37.43)))),"{'generation': 0, 'evals': 1, 'test_error': 0.0}","[1, 1, 0, 1, 0, 1, 2, 10]"
45,"[[0], [1], [], [3], [], [0], [0, 0], [3, 4, 6, 4, 3, 5, 0, 6, 1, 2]]",52.18119875944839,5,0.346+((_sig_(0.435*(x[0]-06.12)))),"{'generation': 0, 'evals': 1, 'test_error': 0.0}","[1, 1, 0, 1, 0, 1, 2, 10]"
46,"[[0], [1], [], [1], [], [0, 0], [0], [5, 8, 3, 8, 7, 3, 8, 8, 9, 5, 6]]",52.898527119167696,5,0.583+((_exp_((x[0]-87.38)|_div_|89.56))),"{'generation': 0, 'evals': 1, 'test_error': 0.0}","[1, 1, 0, 1, 0, 2, 1, 11]"
47,"[[0], [1], [], [2], [], [0, 0], [0], [6, 3, 5, 7, 6, 8, 8, 1, 4, 2, 3]]",53.35482558919478,5,0.635+((_exp_((x[0]-76.88)|_div_|14.23))),"{'generation': 0, 'evals': 1, 'test_error': 0.0}","[1, 1, 0, 1, 0, 2, 1, 11]"
48,"[[0], [1], [], [3], [], [0], [0, 0], [6, 8, 1, 8, 5, 4, 3, 9, 6, 3]]",56.948217612841866,5,0.681+((_sig_(0.854*(x[0]-39.63)))),"{'generation': 0, 'evals': 1, 'test_error': 0.0}","[1, 1, 0, 1, 0, 1, 2, 10]"
49,"[[0], [0, 1, 1], [1], [1, 1], [], [0, 0, 0, 0], [0], [7, 7, 9, 1, 9, 8, 1, 5, 9, 1, 5, 3, 0, 3, 2, 9, 5, 0, 5]]",57.42727869565606,6,0.779+(((_exp_((x[0]-19.81)|_div_|59.15)))-((_exp_((x[0]-30.32)|_div_|95.05)))),"{'generation': 0, 'evals': 1, 'test_error': 0.0}","[1, 3, 1, 2, 0, 4, 1, 19]"
50,"[[0], [1], [], [3], [], [0], [0, 0], [6, 6, 1, 9, 7, 7, 3, 5, 5, 6]]",58.72028897349682,5,0.661+((_sig_(0.977*(x[0]-35.56)))),"{'generation': 0, 'evals': 1, 'test_error': 0.0}","[1, 1, 0, 1, 0, 1, 2, 10]"
51,"[[0], [1], [], [3], [], [0], [0, 0], [8, 0, 3, 4, 5, 3, 4, 7, 7, 1]]",58.82866616449976,5,0.803+((_sig_(0.453*(x[0]-47.71)))),"{'generation': 0, 'evals': 1, 'test_error': 0.0}","[1, 1, 0, 1, 0, 1, 2, 10]"
52,"[[0], [1], [], [2], [], [0, 0], [0], [3, 5, 3, 5, 4, 1, 5, 5, 8, 6, 6]]",60.27898537244903,5,0.353+((_exp_((x[0]-54.15)|_div_|58.66))),"{'generation': 0, 'evals': 1, 'test_error': 0.0}","[1, 1, 0, 1, 0, 2, 1, 11]"
53,"[[0], [1], [], [3], [], [0], [0, 0], [4, 9, 2, 3, 8, 0, 1, 1, 2, 5]]",61.00699374213151,5,0.492+((_sig_(0.380*(x[0]-11.25)))),"{'generation': 0, 'evals': 1, 'test_error': 0.0}","[1, 1, 0, 1, 0, 1, 2, 10]"
54,"[[0], [0, 1, 1], [1], [2, 3], [], [0, 0, 0], [0, 0], [8, 5, 8, 7, 3, 5, 9, 1, 7, 6, 7, 8, 1, 6, 7, 9, 0, 1]]",61.91045841026739,6,0.858+(((_exp_((x[0]-73.59)|_div_|17.67)))-((_sig_(0.816*(x[0]-79.01))))),"{'generation': 0, 'evals': 1, 'test_error': 0.0}","[1, 3, 1, 2, 0, 3, 2, 18]"
55,"[[0], [1], [], [1], [], [0, 0], [0], [6, 3, 7, 7, 1, 1, 0, 5, 5, 9, 7]]",62.06910918182343,5,0.637+((_exp_((x[0]-71.10)|_div_|55.97))),"{'generation': 0, 'evals': 1, 'test_error': 0.0}","[1, 1, 0, 1, 0, 2, 1, 11]"
56,"[[0], [1], [], [1], [], [0, 0], [0], [7, 7, 5, 8, 4, 7, 6, 6, 3, 3, 0]]",62.68554110684875,5,0.775+((_exp_((x[0]-84.76)|_div_|63.30))),"{'generation': 0, 'evals': 1, 'test_error': 0.0}","[1, 1, 0, 1, 0, 2, 1, 11]"
57,"[[0], [1], [], [1], [], [0, 0], [0], [2, 6, 9, 3, 9, 9, 3, 9, 8, 1, 6]]",63.05631038596469,5,0.269+((_exp_((x[0]-39.93)|_div_|98.16))),"{'generation': 0, 'evals': 1, 'test_error': 0.0}","[1, 1, 0, 1, 0, 2, 1, 11]"
58,"[[0], [1], [], [1], [], [0, 0], [0], [3, 7, 9, 5, 3, 5, 2, 4, 7, 3, 3]]",65.99683282632384,5,0.379+((_exp_((x[0]-53.52)|_div_|47.33))),"{'generation': 0, 'evals': 1, 'test_error': 0.0}","[1, 1, 0, 1, 0, 2, 1, 11]"
59,"[[0], [1], [], [2], [], [0, 0], [0], [1, 6, 0, 2, 7, 3, 1, 9, 3, 6, 1]]",67.86268567954464,5,0.160+((_exp_((x[0]-27.31)|_div_|93.61))),"{'generation': 0, 'evals': 1, 'test_error': 0.0}","[1, 1, 0, 1, 0, 2, 1, 11]"
60,"[[0], [1], [], [2], [], [0, 0], [0], [6, 1, 3, 6, 4, 4, 0, 3, 5, 2, 5]]",67.92400859320995,5,0.613+((_exp_((x[0]-64.40)|_div_|35.25))),"{'generation': 0, 'evals': 1, 'test_error': 0.0}","[1, 1, 0, 1, 0, 2, 1, 11]"
61,"[[0], [1], [], [1], [], [0, 0], [0], [0, 1, 3, 1, 8, 0, 2, 9, 1, 4, 8]]",68.05951173334343,5,0.013+((_exp_((x[0]-18.02)|_div_|91.48))),"{'generation': 0, 'evals': 1, 'test_error': 0.0}","[1, 1, 0, 1, 0, 2, 1, 11]"
62,"[[0], [1], [], [3], [], [0], [0, 0], [6, 4, 5, 3, 1, 8, 1, 8, 6, 0]]",69.16178477115305,5,0.645+((_sig_(0.318*(x[0]-18.60)))),"{'generation': 0, 'evals': 1, 'test_error': 0.0}","[1, 1, 0, 1, 0, 1, 2, 10]"
63,"[[0], [0, 2, 2], [3], [], [], [0, 0], [0], [1, 3, 5, 6, 5, 5, 6, 4, 8, 8, 6]]",71.17162190557028,5,0.135+((65.56)|_div_|(48.86)),"{'generation': 0, 'evals': 1, 'test_error': 0.0}","[1, 3, 1, 0, 0, 2, 1, 11]"
64,"[[0], [1], [], [1], [], [0, 0], [0], [3, 0, 0, 6, 3, 2, 9, 1, 8, 6, 8]]",72.23345402807817,5,0.300+((_exp_((x[0]-63.29)|_div_|18.68))),"{'generation': 0, 'evals': 1, 'test_error': 0.0}","[1, 1, 0, 1, 0, 2, 1, 11]"
65,"[[0], [1], [], [2], [], [0, 0], [0], [4, 6, 9, 4, 5, 7, 8, 9, 6, 8, 2]]",73.64027096519732,5,0.469+((_exp_((x[0]-45.78)|_div_|96.82))),"{'generation': 0, 'evals': 1, 'test_error': 0.0}","[1, 1, 0, 1, 0, 2, 1, 11]"
66,"[[0], [1], [], [1], [], [0, 0], [0], [3, 2, 5, 5, 4, 5, 0, 3, 0, 8, 5]]",73.67549762973563,5,0.325+((_exp_((x[0]-54.50)|_div_|30.85))),"{'generation': 0, 'evals': 1, 'test_error': 0.0}","[1, 1, 0, 1, 0, 2, 1, 11]"
67,"[[0], [1], [], [3], [], [0], [0, 0], [8, 7, 0, 7, 1, 2, 3, 4, 9, 1]]",74.49710319770159,5,0.870+((_sig_(0.712*(x[0]-34.91)))),"{'generation': 0, 'evals': 1, 'test_error': 0.0}","[1, 1, 0, 1, 0, 1, 2, 10]"
68,"[[0], [1], [], [2], [], [0, 0], [0], [4, 5, 7, 4, 3, 7, 3, 8, 2, 7, 6]]",76.26430191125607,5,0.457+((_exp_((x[0]-43.73)|_div_|82.76))),"{'generation': 0, 'evals': 1, 'test_error': 0.0}","[1, 1, 0, 1, 0, 2, 1, 11]"
69,"[[0], [1], [], [2], [], [0, 0], [0], [8, 4, 0, 7, 7, 8, 9, 8, 0, 3, 7]]",76.88788810653139,5,0.840+((_exp_((x[0]-77.89)|_div_|80.37))),"{'generation': 0, 'evals': 1, 'test_error': 0.0}","[1, 1, 0, 1, 0, 2, 1, 11]"
70,"[[0], [0, 3, 3], [3], [], [0, 0], [], [0], [5, 4, 9]]",77.00909443987143,4,0.549+((x[0])|_div_|(x[0])),"{'generation': 0, 'evals': 1, 'test_error': 0.0}","[1, 3, 1, 0, 2, 0, 1, 3]"
71,"[[0], [1], [], [1], [], [0, 0], [0], [8, 4, 2, 7, 9, 5, 2, 9, 2, 6, 2]]",78.18644862227588,5,0.842+((_exp_((x[0]-79.52)|_div_|92.62))),"{'generation': 0, 'evals': 1, 'test_error': 0.0}","[1, 1, 0, 1, 0, 2, 1, 11]"
72,"[[0], [1], [], [2], [], [0, 0], [0], [5, 9, 6, 5, 1, 2, 5, 9, 9, 3, 7]]",79.11387798457805,5,0.596+((_exp_((x[0]-51.25)|_div_|99.37))),"{'generation': 0, 'evals': 1, 'test_error': 0.0}","[1, 1, 0, 1, 0, 2, 1, 11]"
73,"[[0], [1], [], [1], [], [0, 0], [0], [0, 1, 8, 1, 3, 3, 0, 8, 1, 7, 4]]",81.20331593875319,5,0.018+((_exp_((x[0]-13.30)|_div_|81.74))),"{'generation': 0, 'evals': 1, 'test_error': 0.0}","[1, 1, 0, 1, 0, 2, 1, 11]"
74,"[[0], [1], [], [1], [], [0, 0], [0], [1, 9, 9, 1, 8, 9, 2, 8, 9, 5, 2]]",82.35669184141793,5,0.199+((_exp_((x[0]-18.92)|_div_|89.52))),"{'generation': 0, 'evals': 1, 'test_error': 0.0}","[1, 1, 0, 1, 0, 2, 1, 11]"
75,"[[0], [1], [], [2], [], [0, 0], [0], [8, 1, 3, 6, 3, 6, 5, 4, 9, 0, 5]]",83.57200469718741,5,0.813+((_exp_((x[0]-63.65)|_div_|49.05))),"{'generation': 0, 'evals': 1, 'test_error': 0.0}","[1, 1, 0, 1, 0, 2, 1, 11]"
76,"[[0], [1], [], [1], [], [0, 0], [0], [0, 1, 2, 1, 6, 9, 3, 7, 1, 9, 6]]",83.83091597198337,5,0.012+((_exp_((x[0]-16.93)|_div_|71.96))),"{'generation': 0, 'evals': 1, 'test_error': 0.0}","[1, 1, 0, 1, 0, 2, 1, 11]"
77,"[[0], [1, 1], [], [0, 3], [], [0], [0, 0], [6, 1, 7, 2, 5, 7, 9, 9, 5, 9]]",84.46688024108519,7,0.617+((_exp_((_sig_(0.257*(x[0]-99.59)))))),"{'generation': 0, 'evals': 1, 'test_error': 0.0}","[1, 2, 0, 2, 0, 1, 2, 10]"
78,"[[0], [1], [], [3], [], [0], [0, 0], [9, 7, 6, 2, 5, 2, 3, 1, 9, 8]]",84.87417877151164,5,0.976+((_sig_(0.252*(x[0]-31.98)))),"{'generation': 0, 'evals': 1, 'test_error': 0.0}","[1, 1, 0, 1, 0, 1, 2, 10]"
79,"[[0], [1], [], [2], [], [0, 0], [0], [1, 0, 7, 3, 3, 5, 0, 4, 8, 9, 9]]",85.31982557827942,5,0.107+((_exp_((x[0]-33.50)|_div_|48.99))),"{'generation': 0, 'evals': 1, 'test_error': 0.0}","[1, 1, 0, 1, 0, 2, 1, 11]"
80,"[[0], [1], [], [3], [], [0], [0, 0], [9, 8, 4, 0, 4, 4, 1, 7, 7, 6]]",88.59475336952846,5,0.984+((_sig_(0.044*(x[0]-17.76)))),"{'generation': 0, 'evals': 1, 'test_error': 0.0}","[1, 1, 0, 1, 0, 1, 2, 10]"
81,"[[0], [1], [], [2], [], [0, 0], [0], [6, 4, 2, 4, 5, 3, 5, 7, 6, 7, 1]]",90.36033009190139,5,0.642+((_exp_((x[0]-45.35)|_div_|76.71))),"{'generation': 0, 'evals': 1, 'test_error': 0.0}","[1, 1, 0, 1, 0, 2, 1, 11]"
82,"[[0], [1], [], [3], [], [0], [0, 0], [8, 6, 2, 8, 5, 9, 0, 9, 9, 3]]",90.53461646525972,5,0.862+((_sig_(0.859*(x[0]-09.93)))),"{'generation': 0, 'evals': 1, 'test_error': 0.0}","[1, 1, 0, 1, 0, 1, 2, 10]"
83,"[[0], [1, 1], [], [0, 3], [], [0], [0, 0], [0, 1, 9, 7, 9, 1, 5, 5, 8, 4]]",91.00900606834031,7,0.019+((_exp_((_sig_(0.791*(x[0]-55.84)))))),"{'generation': 0, 'evals': 1, 'test_error': 0.0}","[1, 2, 0, 2, 0, 1, 2, 10]"
84,"[[0], [0, 1, 1], [2], [1, 2], [], [0, 0, 0, 0], [0], [7, 1, 7, 4, 2, 2, 0, 3, 0, 1, 4, 9, 9, 6, 5, 4, 4, 4, 1]]",91.88774096733357,6,0.717+(((_exp_((x[0]-42.20)|_div_|30.14)))*((_exp_((x[0]-99.65)|_div_|44.41)))),"{'generation': 0, 'evals': 1, 'test_error': 0.0}","[1, 3, 1, 2, 0, 4, 1, 19]"
85,"[[0], [1], [], [3], [], [0], [0, 0], [8, 9, 9, 2, 3, 2, 0, 6, 4, 1]]",94.72656162331292,5,0.899+((_sig_(0.232*(x[0]-06.41)))),"{'generation': 0, 'evals': 1, 'test_error': 0.0}","[1, 1, 0, 1, 0, 1, 2, 10]"
86,"[[0], [1], [], [1], [], [0, 0], [0], [8, 7, 1, 5, 7, 9, 0, 5, 6, 0, 5]]",95.98110859185306,5,0.871+((_exp_((x[0]-57.90)|_div_|56.05))),"{'generation': 0, 'evals': 1, 'test_error': 0.0}","[1, 1, 0, 1, 0, 2, 1, 11]"
87,"[[0], [1], [], [2], [], [0, 0], [0], [7, 5, 0, 4, 9, 6, 8, 6, 4, 1, 6]]",96.07816253125628,5,0.750+((_exp_((x[0]-49.68)|_div_|64.16))),"{'generation': 0, 'evals': 1, 'test_error': 0.0}","[1, 1, 0, 1, 0, 2, 1, 11]"
88,"[[0], [1], [], [1], [], [0, 0], [0], [2, 8, 9, 1, 0, 2, 0, 9, 7, 1, 1]]",96.56028418513611,5,0.289+((_exp_((x[0]-10.20)|_div_|97.11))),"{'generation': 0, 'evals': 1, 'test_error': 0.0}","[1, 1, 0, 1, 0, 2, 1, 11]"
89,"[[0], [0, 2, 2], [3], [], [], [0, 0], [0], [8, 7, 1, 7, 1, 6, 7, 6, 9, 7, 3]]",106.3173887813903,5,0.871+((71.67)|_div_|(69.73)),"{'generation': 0, 'evals': 1, 'test_error': 0.0}","[1, 3, 1, 0, 0, 2, 1, 11]"
90,"[[0], [1], [], [2], [], [0, 0], [0], [2, 5, 6, 1, 8, 6, 0, 6, 4, 8, 6]]",108.24696312237694,5,0.256+((_exp_((x[0]-18.60)|_div_|64.86))),"{'generation': 0, 'evals': 1, 'test_error': 0.0}","[1, 1, 0, 1, 0, 2, 1, 11]"
91,"[[0], [1], [], [2], [], [0, 0], [0], [6, 3, 6, 2, 9, 1, 7, 7, 9, 7, 3]]",109.41446612209401,5,0.636+((_exp_((x[0]-29.17)|_div_|79.73))),"{'generation': 0, 'evals': 1, 'test_error': 0.0}","[1, 1, 0, 1, 0, 2, 1, 11]"
92,"[[0], [1], [], [1], [], [0, 0], [0], [9, 9, 4, 5, 3, 4, 4, 7, 8, 6, 6]]",110.71423658032987,5,0.994+((_exp_((x[0]-53.44)|_div_|78.66))),"{'generation': 0, 'evals': 1, 'test_error': 0.0}","[1, 1, 0, 1, 0, 2, 1, 11]"
93,"[[0], [0, 1, 1], [0], [1, 1], [], [0, 0, 0, 0], [0], [0, 0, 8, 5, 2, 5, 5, 4, 7, 3, 1, 5, 8, 3, 0, 6, 5, 2, 5]]",111.2721940224715,6,0.008+(((_exp_((x[0]-52.55)|_div_|47.31)))+((_exp_((x[0]-58.30)|_div_|65.25)))),"{'generation': 0, 'evals': 1, 'test_error': 0.0}","[1, 3, 1, 2, 0, 4, 1, 19]"
94,"[[0], [1], [], [2], [], [0, 0], [0], [7, 3, 6, 2, 7, 1, 0, 8, 7, 4, 0]]",117.32010612134515,5,0.736+((_exp_((x[0]-27.10)|_div_|87.40))),"{'generation': 0, 'evals': 1, 'test_error': 0.0}","[1, 1, 0, 1, 0, 2, 1, 11]"
95,"[[0], [1], [], [1], [], [0, 0], [0], [9, 8, 8, 4, 0, 8, 2, 9, 4, 1, 1]]",121.7462148510808,5,0.988+((_exp_((x[0]-40.82)|_div_|94.11))),"{'generation': 0, 'evals': 1, 'test_error': 0.0}","[1, 1, 0, 1, 0, 2, 1, 11]"
96,"[[0], [0, 1, 1], [2], [2, 1], [], [0, 0, 0, 0], [0], [3, 3, 1, 1, 4, 5, 4, 6, 5, 3, 6, 6, 4, 7, 9, 4, 9, 6, 1]]",126.31670846901258,6,0.331+(((_exp_((x[0]-14.54)|_div_|65.36)))*((_exp_((x[0]-64.79)|_div_|49.61)))),"{'generation': 0, 'evals': 1, 'test_error': 0.0}","[1, 3, 1, 2, 0, 4, 1, 19]"
97,"[[0], [1], [], [2], [], [0, 0], [0], [6, 2, 3, 1, 1, 5, 2, 8, 4, 2, 9]]",131.81802507437902,5,0.623+((_exp_((x[0]-11.52)|_div_|84.29))),"{'generation': 0, 'evals': 1, 'test_error': 0.0}","[1, 1, 0, 1, 0, 2, 1, 11]"
98,"[[0], [1], [], [1], [], [0, 0], [0], [9, 8, 2, 6, 6, 5, 5, 1, 1, 9, 8]]",151.05405147249868,5,0.982+((_exp_((x[0]-66.55)|_div_|11.98))),"{'generation': 0, 'evals': 1, 'test_error': 0.0}","[1, 1, 0, 1, 0, 2, 1, 11]"
99,"[[0], [0, 1, 2], [1], [2], [], [0, 0, 0], [0], [3, 4, 8, 2, 5, 3, 9, 5, 9, 4, 0, 0, 4, 2, 0]]",152.60639099944163,6,0.348+(((_exp_((x[0]-25.39)|_div_|59.40)))-(04.20)),"{'generation': 0, 'evals': 1, 'test_error': 0.0}","[1, 3, 1, 1, 0, 3, 1, 15]"
100,"[[0], [1], [], [1], [], [0, 0], [0], [9, 8, 0, 2, 8, 7, 8, 5, 4, 8, 6]]",159.73257262824828,5,0.980+((_exp_((x[0]-28.78)|_div_|54.86))),"{'generation': 0, 'evals': 1, 'test_error': 0.0}","[1, 1, 0, 1, 0, 2, 1, 11]"
101,"[[0], [1, 1], [], [0, 1], [], [0, 0], [0], [7, 2, 6, 9, 3, 3, 0, 8, 1, 0, 7]]",163.93768729147627,7,0.726+((_exp_((_exp_((x[0]-93.30)|_div_|81.07))))),"{'generation': 0, 'evals': 1, 'test_error': 0.0}","[1, 2, 0, 2, 0, 2, 1, 11]"
102,"[[0], [1, 1], [], [0, 2], [], [0, 0], [0], [2, 2, 9, 6, 7, 1, 1, 9, 6, 6, 5]]",166.75458667927128,7,0.229+((_exp_((_exp_((x[0]-67.11)|_div_|96.65))))),"{'generation': 0, 'evals': 1, 'test_error': 0.0}","[1, 2, 0, 2, 0, 2, 1, 11]"
103,"[[0], [0, 2, 2], [3], [], [], [0, 0], [0], [2, 2, 9, 8, 3, 0, 7, 3, 5, 1, 0]]",167.38396702688485,5,0.229+((83.07)|_div_|(35.10)),"{'generation': 0, 'evals': 1, 'test_error': 0.0}","[1, 3, 1, 0, 0, 2, 1, 11]"
104,"[[0], [1], [], [1], [], [0, 0], [0], [0, 6, 3, 1, 8, 1, 7, 3, 8, 7, 5]]",176.22870235951606,5,0.063+((_exp_((x[0]-18.17)|_div_|38.75))),"{'generation': 0, 'evals': 1, 'test_error': 0.0}","[1, 1, 0, 1, 0, 2, 1, 11]"
105,"[[0], [2], [], [], [], [0], [0], [2, 0, 2, 0, 2, 5, 3]]",179.52273843413155,4,0.202+(02.53),"{'generation': 0, 'evals': 1, 'test_error': 0.0}","[1, 1, 0, 0, 0, 1, 1, 7]"
106,"[[0], [1, 1], [], [0, 1], [], [0, 0], [0], [7, 8, 5, 8, 0, 2, 1, 8, 0, 8, 2]]",188.14946847830342,7,0.785+((_exp_((_exp_((x[0]-80.21)|_div_|80.82))))),"{'generation': 0, 'evals': 1, 'test_error': 0.0}","[1, 2, 0, 2, 0, 2, 1, 11]"
107,"[[0], [0, 1, 1], [2], [1, 1], [], [0, 0, 0, 0], [0], [2, 8, 6, 0, 7, 2, 1, 4, 8, 2, 4, 6, 7, 1, 7, 5, 4, 6, 3]]",197.07689251401592,6,0.286+(((_exp_((x[0]-07.21)|_div_|48.24)))*((_exp_((x[0]-67.17)|_div_|54.63)))),"{'generation': 0, 'evals': 1, 'test_error': 0.0}","[1, 3, 1, 2, 0, 4, 1, 19]"
108,"[[0], [1], [], [1], [], [0, 0], [0], [6, 1, 9, 0, 4, 9, 0, 5, 5, 1, 9]]",200.42460382619296,5,0.619+((_exp_((x[0]-04.90)|_div_|55.19))),"{'generation': 0, 'evals': 1, 'test_error': 0.0}","[1, 1, 0, 1, 0, 2, 1, 11]"
109,"[[0], [1], [], [1], [], [0, 0], [0], [3, 4, 1, 6, 7, 7, 5, 0, 8, 5, 9]]",206.9087300111998,5,0.341+((_exp_((x[0]-67.75)|_div_|08.59))),"{'generation': 0, 'evals': 1, 'test_error': 0.0}","[1, 1, 0, 1, 0, 2, 1, 11]"
110,"[[0], [0, 1, 2], [2], [3], [], [0, 0], [0, 0], [3, 0, 5, 6, 8, 9, 4, 5, 2, 1, 0, 5, 1, 9]]",215.25897253263804,6,0.305+(((_sig_(0.689*(x[0]-45.21))))*(05.19)),"{'generation': 0, 'evals': 1, 'test_error': 0.0}","[1, 3, 1, 1, 0, 2, 2, 14]"
111,"[[0], [1], [], [1], [], [0, 0], [0], [5, 6, 6, 2, 7, 9, 5, 3, 0, 0, 8]]",227.29761815918366,5,0.566+((_exp_((x[0]-27.95)|_div_|30.08))),"{'generation': 0, 'evals': 1, 'test_error': 0.0}","[1, 1, 0, 1, 0, 2, 1, 11]"
112,"[[0], [1], [], [2], [], [0, 0], [0], [9, 5, 0, 1, 7, 2, 9, 4, 0, 9, 2]]",241.55473839796898,5,0.950+((_exp_((x[0]-17.29)|_div_|40.92))),"{'generation': 0, 'evals': 1, 'test_error': 0.0}","[1, 1, 0, 1, 0, 2, 1, 11]"
113,"[[0], [0, 2, 3], [3], [], [0], [0], [0], [8, 0, 9, 4, 6, 7, 4]]",251.5672789951933,5,0.809+((46.74)|_div_|(x[0])),"{'generation': 0, 'evals': 1, 'test_error': 0.0}","[1, 3, 1, 0, 1, 1, 1, 7]"
114,"[[0], [2], [], [], [], [0], [0], [9, 4, 9, 0, 2, 5, 9]]",251.81656976542976,4,0.949+(02.59),"{'generation': 0, 'evals': 1, 'test_error': 0.0}","[1, 1, 0, 0, 0, 1, 1, 7]"
115,"[[0], [2], [], [], [], [0], [0], [4, 8, 1, 0, 3, 3, 4]]",277.16047271700415,4,0.481+(03.34),"{'generation': 0, 'evals': 1, 'test_error': 0.0}","[1, 1, 0, 0, 0, 1, 1, 7]"
116,"[[0], [1], [], [2], [], [0, 0], [0], [3, 7, 7, 0, 2, 8, 1, 4, 1, 3, 6]]",279.87683771065326,5,0.377+((_exp_((x[0]-02.81)|_div_|41.36))),"{'generation': 0, 'evals': 1, 'test_error': 0.0}","[1, 1, 0, 1, 0, 2, 1, 11]"
117,"[[0], [1], [], [1], [], [0, 0], [0], [2, 0, 8, 0, 2, 4, 1, 3, 9, 1, 2]]",296.1278737584775,5,0.208+((_exp_((x[0]-02.41)|_div_|39.12))),"{'generation': 0, 'evals': 1, 'test_error': 0.0}","[1, 1, 0, 1, 0, 2, 1, 11]"
118,"[[0], [2], [], [], [], [0], [0], [0, 0, 4, 0, 4, 1, 0]]",302.60987540989754,4,0.004+(04.10),"{'generation': 0, 'evals': 1, 'test_error': 0.0}","[1, 1, 0, 0, 0, 1, 1, 7]"
119,"[[0], [1, 1], [], [0, 2], [], [0, 0], [0], [3, 6, 0, 3, 0, 8, 9, 8, 6, 4, 2]]",304.16849546536025,7,0.360+((_exp_((_exp_((x[0]-30.89)|_div_|86.42))))),"{'generation': 0, 'evals': 1, 'test_error': 0.0}","[1, 2, 0, 2, 0, 2, 1, 11]"
120,"[[0], [1], [], [1], [], [0, 0], [0], [9, 6, 3, 5, 1, 8, 1, 1, 3, 2, 9]]",343.29963638971475,5,0.963+((_exp_((x[0]-51.81)|_div_|13.29))),"{'generation': 0, 'evals': 1, 'test_error': 0.0}","[1, 1, 0, 1, 0, 2, 1, 11]"
121,"[[0], [0, 2, 2], [3], [], [], [0, 0], [0], [5, 1, 7, 6, 9, 3, 0, 1, 6, 4, 1]]",359.83352172928113,5,0.517+((69.30)|_div_|(16.41)),"{'generation': 0, 'evals': 1, 'test_error': 0.0}","[1, 3, 1, 0, 0, 2, 1, 11]"
122,"[[0], [0, 2, 1], [0], [1], [], [0, 0, 0], [0], [1, 9, 0, 0, 3, 3, 4, 5, 7, 1, 7, 1, 8, 2, 3]]",380.86921957620535,6,0.190+((03.34)+((_exp_((x[0]-57.17)|_div_|18.23)))),"{'generation': 0, 'evals': 1, 'test_error': 0.0}","[1, 3, 1, 1, 0, 3, 1, 15]"
123,"[[0], [1], [], [2], [], [0, 0], [0], [3, 7, 8, 3, 4, 4, 1, 1, 8, 9, 1]]",391.00964209886354,5,0.378+((_exp_((x[0]-34.41)|_div_|18.91))),"{'generation': 0, 'evals': 1, 'test_error': 0.0}","[1, 1, 0, 1, 0, 2, 1, 11]"
124,"[[0], [1, 1, 1], [], [0, 0, 3], [], [0], [0, 0], [9, 3, 3, 6, 8, 5, 7, 7, 8, 8]]",398.1163511748628,9,0.933+((_exp_((_exp_((_sig_(0.685*(x[0]-77.88)))))))),"{'generation': 0, 'evals': 1, 'test_error': 0.0}","[1, 3, 0, 3, 0, 1, 2, 10]"
125,"[[0], [1], [], [1], [], [0, 0], [0], [8, 4, 0, 1, 2, 7, 8, 2, 9, 8, 8]]",411.22715750257976,5,0.840+((_exp_((x[0]-12.78)|_div_|29.88))),"{'generation': 0, 'evals': 1, 'test_error': 0.0}","[1, 1, 0, 1, 0, 2, 1, 11]"
126,"[[0], [2], [], [], [], [0], [0], [4, 5, 0, 0, 5, 3, 6]]",456.1237021523287,4,0.450+(05.36),"{'generation': 0, 'evals': 1, 'test_error': 0.0}","[1, 1, 0, 0, 0, 1, 1, 7]"
127,"[[0], [0, 2, 1], [2], [2], [], [0, 0, 0], [0], [8, 7, 8, 1, 0, 0, 5, 7, 4, 7, 0, 4, 1, 7, 3]]",563.2015265673648,6,0.878+((10.05)*((_exp_((x[0]-74.70)|_div_|41.73)))),"{'generation': 0, 'evals': 1, 'test_error': 0.0}","[1, 3, 1, 1, 0, 3, 1, 15]"
128,"[[0], [0, 2, 1], [1], [3], [], [0, 0], [0, 0], [1, 4, 2, 0, 7, 5, 7, 0, 3, 0, 7, 3, 3, 9]]",598.3255867499108,6,0.142+((07.57)-((_sig_(0.030*(x[0]-73.39))))),"{'generation': 0, 'evals': 1, 'test_error': 0.0}","[1, 3, 1, 1, 0, 2, 2, 14]"
129,"[[0], [0, 2, 1], [2], [2], [], [0, 0, 0], [0], [9, 1, 5, 2, 1, 3, 5, 9, 4, 1, 6, 3, 1, 2, 3]]",599.5916847559922,6,0.915+((21.35)*((_exp_((x[0]-94.16)|_div_|31.23)))),"{'generation': 0, 'evals': 1, 'test_error': 0.0}","[1, 3, 1, 1, 0, 3, 1, 15]"
130,"[[0], [1], [], [1], [], [0, 0], [0], [0, 6, 6, 7, 9, 2, 4, 0, 3, 7, 2]]",605.6939379679964,5,0.066+((_exp_((x[0]-79.24)|_div_|03.72))),"{'generation': 0, 'evals': 1, 'test_error': 0.0}","[1, 1, 0, 1, 0, 2, 1, 11]"
131,"[[0], [2], [], [], [], [0], [0], [8, 8, 8, 0, 8, 4, 8]]",776.342810244333,4,0.888+(08.48),"{'generation': 0, 'evals': 1, 'test_error': 0.0}","[1, 1, 0, 0, 0, 1, 1, 7]"
132,"[[0], [2], [], [], [], [0], [0], [5, 5, 8, 0, 8, 8, 6]]",780.8428101753566,4,0.558+(08.86),"{'generation': 0, 'evals': 1, 'test_error': 0.0}","[1, 1, 0, 0, 0, 1, 1, 7]"
133,"[[0], [2], [], [], [], [0], [0], [3, 9, 0, 0, 9, 4, 2]]",816.1228098189508,4,0.390+(09.42),"{'generation': 0, 'evals': 1, 'test_error': 0.0}","[1, 1, 0, 0, 0, 1, 1, 7]"
134,"[[0], [1], [], [1], [], [0, 0], [0], [4, 4, 0, 2, 0, 8, 1, 1, 8, 5, 2]]",886.0432946027036,5,0.440+((_exp_((x[0]-20.81)|_div_|18.52))),"{'generation': 0, 'evals': 1, 'test_error': 0.0}","[1, 1, 0, 1, 0, 2, 1, 11]"
135,"[[0], [1], [], [2], [], [0, 0], [0], [2, 0, 5, 5, 5, 6, 5, 0, 8, 5, 1]]",899.817704147719,5,0.205+((_exp_((x[0]-55.65)|_div_|08.51))),"{'generation': 0, 'evals': 1, 'test_error': 0.0}","[1, 1, 0, 1, 0, 2, 1, 11]"
136,"[[0], [2], [], [], [], [0], [0], [3, 3, 0, 1, 1, 8, 8]]",1032.1228095219687,4,0.330+(11.88),"{'generation': 0, 'evals': 1, 'test_error': 0.0}","[1, 1, 0, 0, 0, 1, 1, 7]"
137,"[[0], [2], [], [], [], [0], [0], [3, 0, 9, 1, 1, 9, 9]]",1040.1328095215667,4,0.309+(11.99),"{'generation': 0, 'evals': 1, 'test_error': 0.0}","[1, 1, 0, 0, 0, 1, 1, 7]"
138,"[[0], [2], [], [], [], [0], [0], [3, 5, 3, 1, 2, 1, 9]]",1062.0928095207703,4,0.353+(12.19),"{'generation': 0, 'evals': 1, 'test_error': 0.0}","[1, 1, 0, 0, 0, 1, 1, 7]"
139,"[[0], [2], [], [], [], [0], [0], [0, 2, 3, 1, 3, 1, 6]]",1119.6928095198562,4,0.023+(13.16),"{'generation': 0, 'evals': 1, 'test_error': 0.0}","[1, 1, 0, 0, 0, 1, 1, 7]"
140,"[[0], [1], [], [1], [], [0, 0], [0], [3, 1, 6, 0, 9, 7, 0, 2, 0, 1, 7]]",1194.1868822619936,5,0.316+((_exp_((x[0]-09.70)|_div_|20.17))),"{'generation': 0, 'evals': 1, 'test_error': 0.0}","[1, 1, 0, 1, 0, 2, 1, 11]"
141,"[[0], [2], [], [], [], [0], [0], [7, 5, 5, 1, 4, 2, 9]]",1287.2728095195127,4,0.755+(14.29),"{'generation': 0, 'evals': 1, 'test_error': 0.0}","[1, 1, 0, 0, 0, 1, 1, 7]"
142,"[[0], [2], [], [], [], [0], [0], [1, 4, 6, 1, 4, 9, 3]]",1290.0628095195123,4,0.146+(14.93),"{'generation': 0, 'evals': 1, 'test_error': 0.0}","[1, 1, 0, 0, 0, 1, 1, 7]"
143,"[[0], [2], [], [], [], [0], [0], [6, 2, 4, 1, 4, 6, 0]]",1303.3828095195104,4,0.624+(14.60),"{'generation': 0, 'evals': 1, 'test_error': 0.0}","[1, 1, 0, 0, 0, 1, 1, 7]"
144,"[[0], [2], [], [], [], [0], [0], [4, 8, 3, 1, 5, 0, 8]]",1333.8928095195074,4,0.483+(15.08),"{'generation': 0, 'evals': 1, 'test_error': 0.0}","[1, 1, 0, 0, 0, 1, 1, 7]"
145,"[[0], [1], [], [2], [], [0, 0], [0], [9, 4, 9, 4, 8, 1, 3, 0, 9, 4, 0]]",1425.699033138615,5,0.949+((_exp_((x[0]-48.13)|_div_|09.40))),"{'generation': 0, 'evals': 1, 'test_error': 0.0}","[1, 1, 0, 1, 0, 2, 1, 11]"
146,"[[0], [1], [], [2], [], [0, 0], [0], [6, 4, 4, 3, 0, 4, 2, 1, 3, 3, 7]]",1548.070143032412,5,0.644+((_exp_((x[0]-30.42)|_div_|13.37))),"{'generation': 0, 'evals': 1, 'test_error': 0.0}","[1, 1, 0, 1, 0, 2, 1, 11]"
147,"[[0], [2], [], [], [], [0], [0], [2, 1, 8, 1, 7, 7, 8]]",1553.0428095195048,4,0.218+(17.78),"{'generation': 0, 'evals': 1, 'test_error': 0.0}","[1, 1, 0, 0, 0, 1, 1, 7]"
148,"[[0], [2], [], [], [], [0], [0], [9, 0, 7, 2, 1, 8, 6]]",1982.2528095195044,4,0.907+(21.86),"{'generation': 0, 'evals': 1, 'test_error': 0.0}","[1, 1, 0, 0, 0, 1, 1, 7]"
149,"[[0], [2], [], [], [], [0], [0], [3, 6, 2, 2, 2, 9, 8]]",2034.0028095195044,4,0.362+(22.98),"{'generation': 0, 'evals': 1, 'test_error': 0.0}","[1, 1, 0, 0, 0, 1, 1, 7]"
150,"[[0], [2], [], [], [], [0], [0], [3, 2, 7, 2, 3, 3, 0]]",2059.6528095195044,4,0.327+(23.30),"{'generation': 0, 'evals': 1, 'test_error': 0.0}","[1, 1, 0, 0, 0, 1, 1, 7]"
151,"[[0], [2], [], [], [], [0], [0], [4, 0, 5, 2, 3, 2, 6]]",2063.072809519505,4,0.405+(23.26),"{'generation': 0, 'evals': 1, 'test_error': 0.0}","[1, 1, 0, 0, 0, 1, 1, 7]"
152,"[[0], [0, 2, 1], [2], [1], [], [0, 0, 0], [0], [5, 5, 3, 6, 3, 4, 1, 8, 1, 9, 2, 1, 6, 6, 3]]",2073.525290632986,6,0.553+((63.41)*((_exp_((x[0]-81.92)|_div_|16.63)))),"{'generation': 0, 'evals': 1, 'test_error': 0.0}","[1, 3, 1, 1, 0, 3, 1, 15]"
153,"[[0], [0, 2, 2], [1], [], [], [0, 0], [0], [1, 7, 5, 7, 8, 2, 0, 5, 3, 0, 8]]",2209.772809519505,5,0.175+((78.20)-(53.08)),"{'generation': 0, 'evals': 1, 'test_error': 0.0}","[1, 3, 1, 0, 0, 2, 1, 11]"
154,"[[0], [0, 1, 2], [1], [1], [], [0, 0, 0], [0], [4, 1, 0, 5, 6, 2, 7, 9, 9, 8, 4, 2, 7, 3, 8]]",2286.241156066013,6,0.410+(((_exp_((x[0]-56.27)|_div_|99.84)))-(27.38)),"{'generation': 0, 'evals': 1, 'test_error': 0.0}","[1, 3, 1, 1, 0, 3, 1, 15]"
155,"[[0], [2], [], [], [], [0], [0], [2, 2, 8, 2, 6, 0, 3]]",2296.4428095195044,4,0.228+(26.03),"{'generation': 0, 'evals': 1, 'test_error': 0.0}","[1, 1, 0, 0, 0, 1, 1, 7]"
156,"[[0], [2], [], [], [], [0], [0], [7, 4, 0, 2, 5, 5, 6]]",2300.222809519504,4,0.740+(25.56),"{'generation': 0, 'evals': 1, 'test_error': 0.0}","[1, 1, 0, 0, 0, 1, 1, 7]"
157,"[[0], [2], [], [], [], [0], [0], [7, 4, 1, 2, 5, 9, 0]]",2330.912809519504,4,0.741+(25.90),"{'generation': 0, 'evals': 1, 'test_error': 0.0}","[1, 1, 0, 0, 0, 1, 1, 7]"
158,"[[0], [0, 2, 3], [1], [], [0], [0], [0], [7, 1, 0, 3, 4, 0, 0]]",2340.4973174882693,5,0.710+((34.00)-(x[0])),"{'generation': 0, 'evals': 1, 'test_error': 0.0}","[1, 3, 1, 0, 1, 1, 1, 7]"
159,"[[0], [0, 2, 3], [1], [], [0], [0], [0], [1, 9, 8, 5, 7, 6, 9]]",2374.439111876503,5,0.198+((57.69)-(x[0])),"{'generation': 0, 'evals': 1, 'test_error': 0.0}","[1, 3, 1, 0, 1, 1, 1, 7]"
160,"[[0], [0, 2, 3], [1], [], [0], [0], [0], [2, 9, 4, 5, 8, 1, 3]]",2387.963928053158,5,0.294+((58.13)-(x[0])),"{'generation': 0, 'evals': 1, 'test_error': 0.0}","[1, 3, 1, 0, 1, 1, 1, 7]"
161,"[[0], [2], [], [], [], [0], [0], [2, 5, 4, 2, 7, 1, 3]]",2397.782809519504,4,0.254+(27.13),"{'generation': 0, 'evals': 1, 'test_error': 0.0}","[1, 1, 0, 0, 0, 1, 1, 7]"
162,"[[0], [2], [], [], [], [0], [0], [3, 0, 1, 2, 7, 1, 5]]",2403.812809519504,4,0.301+(27.15),"{'generation': 0, 'evals': 1, 'test_error': 0.0}","[1, 1, 0, 0, 0, 1, 1, 7]"
163,"[[0], [0, 1, 1], [2], [2, 1], [], [0, 0, 0, 0], [0], [2, 3, 7, 7, 5, 1, 2, 5, 8, 2, 9, 3, 0, 1, 0, 1, 2, 5, 5]]",2489.0702794209237,6,0.237+(((_exp_((x[0]-75.12)|_div_|58.29)))*((_exp_((x[0]-30.10)|_div_|12.55)))),"{'generation': 0, 'evals': 1, 'test_error': 0.0}","[1, 3, 1, 2, 0, 4, 1, 19]"
164,"[[0], [0, 3, 2], [1], [], [0], [0], [0], [4, 1, 0, 6, 2, 2, 7]]",2493.692120942781,5,0.410+((x[0])-(62.27)),"{'generation': 0, 'evals': 1, 'test_error': 0.0}","[1, 3, 1, 0, 1, 1, 1, 7]"
165,"[[0], [0, 3, 1], [3], [1], [0], [0, 0], [0], [0, 1, 9, 3, 1, 1, 1, 4, 6, 9, 9]]",2499.930677358129,6,0.019+((x[0])|_div_|((_exp_((x[0]-31.11)|_div_|46.99)))),"{'generation': 0, 'evals': 1, 'test_error': 0.0}","[1, 3, 1, 1, 1, 2, 1, 11]"
166,"[[0], [2], [], [], [], [0], [0], [3, 0, 9, 2, 8, 2, 5]]",2503.532809519505,4,0.309+(28.25),"{'generation': 0, 'evals': 1, 'test_error': 0.0}","[1, 1, 0, 0, 0, 1, 1, 7]"
167,"[[0], [2], [], [], [], [0], [0], [1, 7, 3, 2, 8, 7, 7]]",2538.0928095195045,4,0.173+(28.77),"{'generation': 0, 'evals': 1, 'test_error': 0.0}","[1, 1, 0, 0, 0, 1, 1, 7]"
168,"[[0], [2], [], [], [], [0], [0], [0, 8, 4, 2, 9, 7, 7]]",2620.082809519504,4,0.084+(29.77),"{'generation': 0, 'evals': 1, 'test_error': 0.0}","[1, 1, 0, 0, 0, 1, 1, 7]"
169,"[[0], [2], [], [], [], [0], [0], [5, 0, 4, 2, 9, 7, 7]]",2657.882809519505,4,0.504+(29.77),"{'generation': 0, 'evals': 1, 'test_error': 0.0}","[1, 1, 0, 0, 0, 1, 1, 7]"
170,"[[0], [2], [], [], [], [0], [0], [6, 6, 0, 2, 9, 8, 9]]",2682.7228095195046,4,0.660+(29.89),"{'generation': 0, 'evals': 1, 'test_error': 0.0}","[1, 1, 0, 0, 0, 1, 1, 7]"
171,"[[0], [0, 2, 1], [0], [2], [], [0, 0, 0], [0], [2, 8, 3, 2, 9, 9, 1, 8, 9, 3, 9, 9, 7, 0, 6]]",2709.587305276803,6,0.283+((29.91)+((_exp_((x[0]-89.39)|_div_|97.06)))),"{'generation': 0, 'evals': 1, 'test_error': 0.0}","[1, 3, 1, 1, 0, 3, 1, 15]"
172,"[[0], [0, 3, 2], [1], [], [0], [0], [0], [2, 0, 3, 6, 9, 0, 5]]",2771.625611277947,5,0.203+((x[0])-(69.05)),"{'generation': 0, 'evals': 1, 'test_error': 0.0}","[1, 3, 1, 0, 1, 1, 1, 7]"
173,"[[0], [2], [], [], [], [0], [0], [6, 3, 9, 3, 1, 1, 7]]",2796.032809519505,4,0.639+(31.17),"{'generation': 0, 'evals': 1, 'test_error': 0.0}","[1, 1, 0, 0, 0, 1, 1, 7]"
174,"[[0], [0, 3, 2], [1], [], [0], [0], [0], [5, 8, 9, 2, 1, 0, 8]]",2845.7024710984924,5,0.589+((x[0])-(21.08)),"{'generation': 0, 'evals': 1, 'test_error': 0.0}","[1, 3, 1, 0, 1, 1, 1, 7]"
175,"[[0], [2], [], [], [], [0], [0], [4, 9, 2, 3, 2, 8, 8]]",2936.702809519504,4,0.492+(32.88),"{'generation': 0, 'evals': 1, 'test_error': 0.0}","[1, 1, 0, 0, 0, 1, 1, 7]"
176,"[[0], [0, 2, 3], [1], [], [0], [0], [0], [1, 7, 2, 7, 3, 5, 3]]",3015.1975193303274,5,0.172+((73.53)-(x[0])),"{'generation': 0, 'evals': 1, 'test_error': 0.0}","[1, 3, 1, 0, 1, 1, 1, 7]"
177,"[[0], [0, 2, 3], [1], [], [0], [0], [0], [2, 4, 7, 7, 4, 7, 2]]",3088.067314240299,5,0.247+((74.72)-(x[0])),"{'generation': 0, 'evals': 1, 'test_error': 0.0}","[1, 3, 1, 0, 1, 1, 1, 7]"
178,"[[0], [2], [], [], [], [0], [0], [3, 0, 7, 3, 4, 8, 1]]",3093.752809519505,4,0.307+(34.81),"{'generation': 0, 'evals': 1, 'test_error': 0.0}","[1, 1, 0, 0, 0, 1, 1, 7]"
179,"[[0], [2], [], [], [], [0], [0], [5, 2, 6, 3, 4, 6, 2]]",3096.3628095195045,4,0.526+(34.62),"{'generation': 0, 'evals': 1, 'test_error': 0.0}","[1, 1, 0, 0, 0, 1, 1, 7]"
180,"[[0], [2], [], [], [], [0], [0], [8, 8, 5, 3, 4, 5, 1]]",3118.7728095195034,4,0.885+(34.51),"{'generation': 0, 'evals': 1, 'test_error': 0.0}","[1, 1, 0, 0, 0, 1, 1, 7]"
181,"[[0], [0, 3, 1], [3], [2], [0], [0, 0], [0], [2, 7, 0, 3, 6, 6, 9, 7, 8, 4, 0]]",3157.1261159906016,6,0.270+((x[0])|_div_|((_exp_((x[0]-36.69)|_div_|78.40)))),"{'generation': 0, 'evals': 1, 'test_error': 0.0}","[1, 3, 1, 1, 1, 2, 1, 11]"
182,"[[0], [2], [], [], [], [0], [0], [2, 6, 1, 3, 5, 8, 4]]",3182.3128095195048,4,0.261+(35.84),"{'generation': 0, 'evals': 1, 'test_error': 0.0}","[1, 1, 0, 0, 0, 1, 1, 7]"
183,"[[0], [0, 3, 1], [3], [2], [0], [0, 0], [0], [0, 5, 9, 3, 9, 0, 2, 7, 2, 8, 3]]",3197.6659546375467,6,0.059+((x[0])|_div_|((_exp_((x[0]-39.02)|_div_|72.83)))),"{'generation': 0, 'evals': 1, 'test_error': 0.0}","[1, 3, 1, 1, 1, 2, 1, 11]"
184,"[[0], [0, 3, 1], [1], [1], [0], [0, 0], [0], [8, 8, 1, 3, 4, 3, 5, 1, 4, 5, 7]]",3285.686224799804,6,0.881+((x[0])-((_exp_((x[0]-34.35)|_div_|14.57)))),"{'generation': 0, 'evals': 1, 'test_error': 0.0}","[1, 3, 1, 1, 1, 2, 1, 11]"
185,"[[0], [2], [], [], [], [0], [0], [1, 4, 3, 3, 7, 3, 8]]",3310.2928095195043,4,0.143+(37.38),"{'generation': 0, 'evals': 1, 'test_error': 0.0}","[1, 1, 0, 0, 0, 1, 1, 7]"
186,"[[0], [2], [], [], [], [0], [0], [3, 4, 6, 3, 8, 0, 8]]",3391.5628095195034,4,0.346+(38.08),"{'generation': 0, 'evals': 1, 'test_error': 0.0}","[1, 1, 0, 0, 0, 1, 1, 7]"
187,"[[0], [2], [], [], [], [0], [0], [4, 6, 1, 3, 8, 1, 3]]",3406.4128095195038,4,0.461+(38.13),"{'generation': 0, 'evals': 1, 'test_error': 0.0}","[1, 1, 0, 0, 0, 1, 1, 7]"
188,"[[0], [0, 3, 2], [1], [], [0], [0], [0], [6, 2, 7, 8, 0, 7, 4]]",3425.2978184056233,5,0.627+((x[0])-(80.74)),"{'generation': 0, 'evals': 1, 'test_error': 0.0}","[1, 3, 1, 0, 1, 1, 1, 7]"
189,"[[0], [2], [], [], [], [0], [0], [6, 9, 1, 3, 9, 0, 0]]",3505.412809519504,4,0.691+(39.00),"{'generation': 0, 'evals': 1, 'test_error': 0.0}","[1, 1, 0, 0, 0, 1, 1, 7]"
190,"[[0], [2], [], [], [], [0], [0], [5, 5, 2, 3, 9, 9, 8]]",3581.102809519504,4,0.552+(39.98),"{'generation': 0, 'evals': 1, 'test_error': 0.0}","[1, 1, 0, 0, 0, 1, 1, 7]"
191,"[[0], [2], [], [], [], [0], [0], [1, 4, 1, 4, 0, 8, 0]]",3617.9128095195038,4,0.141+(40.80),"{'generation': 0, 'evals': 1, 'test_error': 0.0}","[1, 1, 0, 0, 0, 1, 1, 7]"
192,"[[0], [0, 3, 2], [1], [], [0], [0], [0], [6, 9, 8, 0, 7, 2, 9]]",3638.7358720768543,5,0.698+((x[0])-(07.29)),"{'generation': 0, 'evals': 1, 'test_error': 0.0}","[1, 3, 1, 0, 1, 1, 1, 7]"
193,"[[0], [2], [], [], [], [0], [0], [5, 1, 7, 4, 0, 8, 5]]",3656.252809519505,4,0.517+(40.85),"{'generation': 0, 'evals': 1, 'test_error': 0.0}","[1, 1, 0, 0, 0, 1, 1, 7]"
194,"[[0], [0, 1, 1, 3], [1], [0, 1], [0], [0, 0], [0], [6, 3, 2, 7, 0, 0, 1, 1, 7, 9, 8]]",3656.4917148069376,8,0.632+(((_exp_((_exp_((x[0]-70.01)|_div_|17.98)))))-(x[0])),"{'generation': 0, 'evals': 1, 'test_error': 0.0}","[1, 4, 1, 2, 1, 2, 1, 11]"
195,"[[0], [2], [], [], [], [0], [0], [7, 5, 7, 4, 0, 7, 0]]",3664.3528095195043,4,0.757+(40.70),"{'generation': 0, 'evals': 1, 'test_error': 0.0}","[1, 1, 0, 0, 0, 1, 1, 7]"
196,"[[0], [2], [], [], [], [0], [0], [7, 6, 6, 4, 0, 8, 4]]",3677.7628095195046,4,0.766+(40.84),"{'generation': 0, 'evals': 1, 'test_error': 0.0}","[1, 1, 0, 0, 0, 1, 1, 7]"
197,"[[0], [0, 2, 2], [1], [], [], [0, 0], [0], [2, 7, 8, 7, 6, 8, 7, 3, 4, 6, 9]]",3754.4428095195044,5,0.278+((76.87)-(34.69)),"{'generation': 0, 'evals': 1, 'test_error': 0.0}","[1, 3, 1, 0, 0, 2, 1, 11]"
198,"[[0], [2], [], [], [], [0], [0], [9, 4, 1, 4, 1, 9, 8]]",3796.1128095195036,4,0.941+(41.98),"{'generation': 0, 'evals': 1, 'test_error': 0.0}","[1, 1, 0, 0, 0, 1, 1, 7]"
199,"[[0], [2], [], [], [], [0], [0], [2, 5, 6, 4, 2, 8, 9]]",3816.3628095195045,4,0.256+(42.89),"{'generation': 0, 'evals': 1, 'test_error': 0.0}","[1, 1, 0, 0, 0, 1, 1, 7]"
200,"[[0], [2], [], [], [], [0], [0], [8, 0, 1, 4, 2, 4, 3]]",3824.0128095195046,4,0.801+(42.43),"{'generation': 0, 'evals': 1, 'test_error': 0.0}","[1, 1, 0, 0, 0, 1, 1, 7]"
201,"[[0], [2], [], [], [], [0], [0], [8, 2, 3, 4, 2, 4, 8]]",3830.4928095195037,4,0.823+(42.48),"{'generation': 0, 'evals': 1, 'test_error': 0.0}","[1, 1, 0, 0, 0, 1, 1, 7]"
202,"[[0], [0, 1, 2], [2], [2], [], [0, 0, 0], [0], [4, 5, 0, 9, 0, 8, 3, 6, 4, 6, 8, 8, 1, 3, 6]]",3904.944975433934,6,0.450+(((_exp_((x[0]-90.83)|_div_|64.68)))*(81.36)),"{'generation': 0, 'evals': 1, 'test_error': 0.0}","[1, 3, 1, 1, 0, 3, 1, 15]"
203,"[[0], [0, 3, 2], [1], [], [0], [0], [0], [5, 0, 2, 8, 8, 1, 0]]",3976.5492168787973,5,0.502+((x[0])-(88.10)),"{'generation': 0, 'evals': 1, 'test_error': 0.0}","[1, 3, 1, 0, 1, 1, 1, 7]"
204,"[[0], [0, 1, 3], [1], [1], [0], [0, 0], [0], [2, 4, 3, 5, 6, 1, 9, 3, 0, 4, 3]]",3979.6179182976884,6,0.243+(((_exp_((x[0]-56.19)|_div_|30.43)))-(x[0])),"{'generation': 0, 'evals': 1, 'test_error': 0.0}","[1, 3, 1, 1, 1, 2, 1, 11]"
205,"[[0], [0, 1, 2], [1], [2], [], [0, 0, 0], [0], [3, 5, 2, 3, 4, 8, 9, 7, 6, 2, 5, 4, 6, 7, 8]]",4011.3663516951306,6,0.352+(((_exp_((x[0]-34.89)|_div_|76.25)))-(46.78)),"{'generation': 0, 'evals': 1, 'test_error': 0.0}","[1, 3, 1, 1, 0, 3, 1, 15]"
206,"[[0], [0, 1, 3], [1], [3], [0], [0], [0, 0], [6, 8, 0, 1, 9, 0, 7, 0, 6, 2]]",4019.7580876636125,6,0.680+(((_sig_(0.190*(x[0]-70.62))))-(x[0])),"{'generation': 0, 'evals': 1, 'test_error': 0.0}","[1, 3, 1, 1, 1, 1, 2, 10]"
207,"[[0], [2], [], [], [], [0], [0], [6, 3, 5, 4, 4, 9, 0]]",4031.372809519504,4,0.635+(44.90),"{'generation': 0, 'evals': 1, 'test_error': 0.0}","[1, 1, 0, 0, 0, 1, 1, 7]"
208,"[[0], [2], [], [], [], [0], [0], [6, 3, 3, 4, 5, 2, 7]]",4064.4928095195046,4,0.633+(45.27),"{'generation': 0, 'evals': 1, 'test_error': 0.0}","[1, 1, 0, 0, 0, 1, 1, 7]"
209,"[[0], [0, 3, 1], [1], [1], [0], [0, 0], [0], [6, 5, 0, 7, 2, 3, 2, 4, 6, 2, 8]]",4068.8648183409887,6,0.650+((x[0])-((_exp_((x[0]-72.32)|_div_|46.28)))),"{'generation': 0, 'evals': 1, 'test_error': 0.0}","[1, 3, 1, 1, 1, 2, 1, 11]"
210,"[[0], [0, 1, 1, 2], [0], [0, 1], [], [0, 0, 0], [0], [7, 3, 1, 9, 6, 3, 6, 6, 9, 8, 5, 4, 3, 5, 5]]",4072.9319560445,8,0.731+(((_exp_((_exp_((x[0]-96.36)|_div_|69.85)))))+(43.55)),"{'generation': 0, 'evals': 1, 'test_error': 0.0}","[1, 4, 1, 2, 0, 3, 1, 15]"
211,"[[0], [0, 3, 1], [1], [3], [0], [0], [0, 0], [9, 8, 4, 2, 9, 8, 1, 7, 7, 6]]",4077.7744694188978,6,0.984+((x[0])-((_sig_(0.298*(x[0]-17.76))))),"{'generation': 0, 'evals': 1, 'test_error': 0.0}","[1, 3, 1, 1, 1, 1, 2, 10]"
212,"[[0], [3], [], [], [0], [], [0], [0, 0, 4]]",4079.6048147338533,3,0.004+(x[0]),"{'generation': 0, 'evals': 1, 'test_error': 0.0}","[1, 1, 0, 0, 1, 0, 1, 3]"
213,"[[0], [3], [], [], [0], [], [0], [0, 0, 8]]",4079.8847414824295,3,0.008+(x[0]),"{'generation': 0, 'evals': 1, 'test_error': 0.0}","[1, 1, 0, 0, 1, 0, 1, 3]"
214,"[[0], [3], [], [], [0], [], [0], [0, 1, 3]]",4080.2346677246496,3,0.013+(x[0]),"{'generation': 0, 'evals': 1, 'test_error': 0.0}","[1, 1, 0, 0, 1, 0, 1, 3]"
215,"[[0], [3], [], [], [0], [], [0], [0, 2, 5]]",4081.0745714126588,3,0.025+(x[0]),"{'generation': 0, 'evals': 1, 'test_error': 0.0}","[1, 1, 0, 0, 1, 0, 1, 3]"
216,"[[0], [3], [], [], [0], [], [0], [0, 3, 1]]",4081.4945659781733,3,0.031+(x[0]),"{'generation': 0, 'evals': 1, 'test_error': 0.0}","[1, 1, 0, 0, 1, 0, 1, 3]"
217,"[[0], [3], [], [], [0], [], [0], [0, 3, 5]]",4081.7745781773374,3,0.035+(x[0]),"{'generation': 0, 'evals': 1, 'test_error': 0.0}","[1, 1, 0, 0, 1, 0, 1, 3]"
218,"[[0], [3], [], [], [0], [], [0], [0, 3, 6]]",4081.8445832049306,3,0.036+(x[0]),"{'generation': 0, 'evals': 1, 'test_error': 0.0}","[1, 1, 0, 0, 1, 0, 1, 3]"
219,"[[0], [3], [], [], [0], [], [0], [0, 3, 8]]",4081.9845956335334,3,0.038+(x[0]),"{'generation': 0, 'evals': 1, 'test_error': 0.0}","[1, 1, 0, 0, 1, 0, 1, 3]"
220,"[[0], [3], [], [], [0], [], [0], [0, 3, 8]]",4081.9845956335334,3,0.038+(x[0]),"{'generation': 0, 'evals': 1, 'test_error': 0.0}","[1, 1, 0, 0, 1, 0, 1, 3]"
221,"[[0], [3], [], [], [0], [], [0], [0, 5, 4]]",4083.1048090007343,3,0.054+(x[0]),"{'generation': 0, 'evals': 1, 'test_error': 0.0}","[1, 1, 0, 0, 1, 0, 1, 3]"
222,"[[0], [3], [], [], [0], [], [0], [0, 5, 8]]",4083.3848939989784,3,0.058+(x[0]),"{'generation': 0, 'evals': 1, 'test_error': 0.0}","[1, 1, 0, 0, 1, 0, 1, 3]"
223,"[[0], [3], [], [], [0], [], [0], [0, 6, 0]]",4083.5249412479593,3,0.060+(x[0]),"{'generation': 0, 'evals': 1, 'test_error': 0.0}","[1, 1, 0, 0, 1, 0, 1, 3]"
224,"[[0], [3], [], [], [0], [], [0], [0, 6, 5]]",4083.875073226781,3,0.065+(x[0]),"{'generation': 0, 'evals': 1, 'test_error': 0.0}","[1, 1, 0, 0, 1, 0, 1, 3]"
225,"[[0], [3], [], [], [0], [], [0], [0, 6, 8]]",4084.085161917404,3,0.068+(x[0]),"{'generation': 0, 'evals': 1, 'test_error': 0.0}","[1, 1, 0, 0, 1, 0, 1, 3]"
226,"[[0], [3], [], [], [0], [], [0], [0, 8, 0]]",4084.925587986614,3,0.080+(x[0]),"{'generation': 0, 'evals': 1, 'test_error': 0.0}","[1, 1, 0, 0, 1, 0, 1, 3]"
227,"[[0], [3], [], [], [0], [], [0], [0, 9, 1]]",4085.6960788450597,3,0.091+(x[0]),"{'generation': 0, 'evals': 1, 'test_error': 0.0}","[1, 1, 0, 0, 1, 0, 1, 3]"
228,"[[0], [3], [], [], [0], [], [0], [0, 9, 6]]",4086.0463337039055,3,0.096+(x[0]),"{'generation': 0, 'evals': 1, 'test_error': 0.0}","[1, 1, 0, 0, 1, 0, 1, 3]"
229,"[[0], [3], [], [], [0], [], [0], [0, 9, 9]]",4086.256496148018,3,0.099+(x[0]),"{'generation': 0, 'evals': 1, 'test_error': 0.0}","[1, 1, 0, 0, 1, 0, 1, 3]"
230,"[[0], [3], [], [], [0], [], [0], [1, 2, 3]]",4087.9380533189847,3,0.123+(x[0]),"{'generation': 0, 'evals': 1, 'test_error': 0.0}","[1, 1, 0, 0, 1, 0, 1, 3]"
231,"[[0], [3], [], [], [0], [], [0], [1, 4, 6]]",4089.5499764198294,3,0.146+(x[0]),"{'generation': 0, 'evals': 1, 'test_error': 0.0}","[1, 1, 0, 0, 1, 0, 1, 3]"
232,"[[0], [3], [], [], [0], [], [0], [1, 5, 3]]",4090.0406456587716,3,0.153+(x[0]),"{'generation': 0, 'evals': 1, 'test_error': 0.0}","[1, 1, 0, 0, 1, 0, 1, 3]"
233,"[[0], [3], [], [], [0], [], [0], [1, 6, 8]]",4091.0922120500754,3,0.168+(x[0]),"{'generation': 0, 'evals': 1, 'test_error': 0.0}","[1, 1, 0, 0, 1, 0, 1, 3]"
234,"[[0], [3], [], [], [0], [], [0], [1, 6, 9]]",4091.162322901672,3,0.169+(x[0]),"{'generation': 0, 'evals': 1, 'test_error': 0.0}","[1, 1, 0, 0, 1, 0, 1, 3]"
235,"[[0], [3], [], [], [0], [], [0], [1, 6, 9]]",4091.162322901672,3,0.169+(x[0]),"{'generation': 0, 'evals': 1, 'test_error': 0.0}","[1, 1, 0, 0, 1, 0, 1, 3]"
236,"[[0], [3], [], [], [0], [], [0], [1, 7, 8]]",4091.7933567780638,3,0.178+(x[0]),"{'generation': 0, 'evals': 1, 'test_error': 0.0}","[1, 1, 0, 0, 1, 0, 1, 3]"
237,"[[0], [3], [], [], [0], [], [0], [1, 9, 0]]",4092.634836853178,3,0.190+(x[0]),"{'generation': 0, 'evals': 1, 'test_error': 0.0}","[1, 1, 0, 0, 1, 0, 1, 3]"
238,"[[0], [3], [], [], [0], [], [0], [1, 9, 4]]",4092.91535606193,3,0.194+(x[0]),"{'generation': 0, 'evals': 1, 'test_error': 0.0}","[1, 1, 0, 0, 1, 0, 1, 3]"
239,"[[0], [3], [], [], [0], [], [0], [1, 9, 5]]",4092.985487886662,3,0.195+(x[0]),"{'generation': 0, 'evals': 1, 'test_error': 0.0}","[1, 1, 0, 0, 1, 0, 1, 3]"
240,"[[0], [3], [], [], [0], [], [0], [2, 0, 8]]",4093.897275348766,3,0.208+(x[0]),"{'generation': 0, 'evals': 1, 'test_error': 0.0}","[1, 1, 0, 0, 1, 0, 1, 3]"
241,"[[0], [3], [], [], [0], [], [0], [2, 1, 7]]",4094.5285932188394,3,0.217+(x[0]),"{'generation': 0, 'evals': 1, 'test_error': 0.0}","[1, 1, 0, 0, 1, 0, 1, 3]"
242,"[[0], [3], [], [], [0], [], [0], [2, 2, 9]]",4095.3704530420937,3,0.229+(x[0]),"{'generation': 0, 'evals': 1, 'test_error': 0.0}","[1, 1, 0, 0, 1, 0, 1, 3]"
243,"[[0], [3], [], [], [0], [], [0], [2, 3, 0]]",4095.440613335345,3,0.230+(x[0]),"{'generation': 0, 'evals': 1, 'test_error': 0.0}","[1, 1, 0, 0, 1, 0, 1, 3]"
244,"[[0], [3], [], [], [0], [], [0], [2, 3, 1]]",4095.5107744464026,3,0.231+(x[0]),"{'generation': 0, 'evals': 1, 'test_error': 0.0}","[1, 1, 0, 0, 1, 0, 1, 3]"
245,"[[0], [3], [], [], [0], [], [0], [2, 3, 5]]",4095.7914270739047,3,0.235+(x[0]),"{'generation': 0, 'evals': 1, 'test_error': 0.0}","[1, 1, 0, 0, 1, 0, 1, 3]"
246,"[[0], [3], [], [], [0], [], [0], [2, 4, 6]]",4096.563289428531,3,0.246+(x[0]),"{'generation': 0, 'evals': 1, 'test_error': 0.0}","[1, 1, 0, 0, 1, 0, 1, 3]"
247,"[[0], [3], [], [], [0], [], [0], [2, 5, 2]]",4096.984347162506,3,0.252+(x[0]),"{'generation': 0, 'evals': 1, 'test_error': 0.0}","[1, 1, 0, 0, 1, 0, 1, 3]"
248,"[[0], [3], [], [], [0], [], [0], [2, 6, 1]]",4097.615989389083,3,0.261+(x[0]),"{'generation': 0, 'evals': 1, 'test_error': 0.0}","[1, 1, 0, 0, 1, 0, 1, 3]"
249,"[[0], [3], [], [], [0], [], [0], [2, 6, 2]]",4097.686175986804,3,0.262+(x[0]),"{'generation': 0, 'evals': 1, 'test_error': 0.0}","[1, 1, 0, 0, 1, 0, 1, 3]"
250,"[[0], [3], [], [], [0], [], [0], [2, 7, 1]]",4098.317892603356,3,0.271+(x[0]),"{'generation': 0, 'evals': 1, 'test_error': 0.0}","[1, 1, 0, 0, 1, 0, 1, 3]"
251,"[[0], [3], [], [], [0], [], [0], [2, 7, 8]]",4098.809274184928,3,0.278+(x[0]),"{'generation': 0, 'evals': 1, 'test_error': 0.0}","[1, 1, 0, 0, 1, 0, 1, 3]"
252,"[[0], [3], [], [], [0], [], [0], [2, 8, 7]]",4099.441110392273,3,0.287+(x[0]),"{'generation': 0, 'evals': 1, 'test_error': 0.0}","[1, 1, 0, 0, 1, 0, 1, 3]"
253,"[[0], [3], [], [], [0], [], [0], [2, 9, 9]]",4100.283663848295,3,0.299+(x[0]),"{'generation': 0, 'evals': 1, 'test_error': 0.0}","[1, 1, 0, 0, 1, 0, 1, 3]"
254,"[[0], [3], [], [], [0], [], [0], [3, 0, 6]]",4100.7752090794265,3,0.306+(x[0]),"{'generation': 0, 'evals': 1, 'test_error': 0.0}","[1, 1, 0, 0, 1, 0, 1, 3]"
255,"[[0], [3], [], [], [0], [], [0], [3, 2, 8]]",4102.320334270884,3,0.328+(x[0]),"{'generation': 0, 'evals': 1, 'test_error': 0.0}","[1, 1, 0, 0, 1, 0, 1, 3]"
256,"[[0], [3], [], [], [0], [], [0], [3, 6, 1]]",4104.638793334542,3,0.361+(x[0]),"{'generation': 0, 'evals': 1, 'test_error': 0.0}","[1, 1, 0, 0, 1, 0, 1, 3]"
257,"[[0], [3], [], [], [0], [], [0], [3, 6, 5]]",4104.919882111718,3,0.365+(x[0]),"{'generation': 0, 'evals': 1, 'test_error': 0.0}","[1, 1, 0, 0, 1, 0, 1, 3]"
258,"[[0], [3], [], [], [0], [], [0], [3, 8, 5]]",4106.325533520074,3,0.385+(x[0]),"{'generation': 0, 'evals': 1, 'test_error': 0.0}","[1, 1, 0, 0, 1, 0, 1, 3]"
259,"[[0], [3], [], [], [0], [], [0], [3, 8, 6]]",4106.395825204873,3,0.386+(x[0]),"{'generation': 0, 'evals': 1, 'test_error': 0.0}","[1, 1, 0, 0, 1, 0, 1, 3]"
260,"[[0], [3], [], [], [0], [], [0], [3, 8, 6]]",4106.395825204873,3,0.386+(x[0]),"{'generation': 0, 'evals': 1, 'test_error': 0.0}","[1, 1, 0, 0, 1, 0, 1, 3]"
261,"[[0], [3], [], [], [0], [], [0], [4, 0, 6]]",4107.801842370511,3,0.406+(x[0]),"{'generation': 0, 'evals': 1, 'test_error': 0.0}","[1, 1, 0, 0, 1, 0, 1, 3]"
262,"[[0], [3], [], [], [0], [], [0], [4, 2, 1]]",4108.856585911607,3,0.421+(x[0]),"{'generation': 0, 'evals': 1, 'test_error': 0.0}","[1, 1, 0, 0, 1, 0, 1, 3]"
263,"[[0], [3], [], [], [0], [], [0], [4, 2, 2]]",4108.926909218675,3,0.422+(x[0]),"{'generation': 0, 'evals': 1, 'test_error': 0.0}","[1, 1, 0, 0, 1, 0, 1, 3]"
264,"[[0], [3], [], [], [0], [], [0], [4, 3, 0]]",4109.489527620247,3,0.430+(x[0]),"{'generation': 0, 'evals': 1, 'test_error': 0.0}","[1, 1, 0, 0, 1, 0, 1, 3]"
265,"[[0], [3], [], [], [0], [], [0], [4, 4, 4]]",4110.474246998469,3,0.444+(x[0]),"{'generation': 0, 'evals': 1, 'test_error': 0.0}","[1, 1, 0, 0, 1, 0, 1, 3]"
266,"[[0], [3], [], [], [0], [], [0], [4, 4, 5]]",4110.5445908031525,3,0.445+(x[0]),"{'generation': 0, 'evals': 1, 'test_error': 0.0}","[1, 1, 0, 0, 1, 0, 1, 3]"
267,"[[0], [3], [], [], [0], [], [0], [4, 4, 5]]",4110.5445908031525,3,0.445+(x[0]),"{'generation': 0, 'evals': 1, 'test_error': 0.0}","[1, 1, 0, 0, 1, 0, 1, 3]"
268,"[[0], [3], [], [], [0], [], [0], [4, 4, 5]]",4110.5445908031525,3,0.445+(x[0]),"{'generation': 0, 'evals': 1, 'test_error': 0.0}","[1, 1, 0, 0, 1, 0, 1, 3]"
269,"[[0], [3], [], [], [0], [], [0], [4, 4, 5]]",4110.5445908031525,3,0.445+(x[0]),"{'generation': 0, 'evals': 1, 'test_error': 0.0}","[1, 1, 0, 0, 1, 0, 1, 3]"
270,"[[0], [3], [], [], [0], [], [0], [4, 4, 8]]",4110.755627598367,3,0.448+(x[0]),"{'generation': 0, 'evals': 1, 'test_error': 0.0}","[1, 1, 0, 0, 1, 0, 1, 3]"
271,"[[0], [3], [], [], [0], [], [0], [4, 5, 3]]",4111.107373554751,3,0.453+(x[0]),"{'generation': 0, 'evals': 1, 'test_error': 0.0}","[1, 1, 0, 0, 1, 0, 1, 3]"
272,"[[0], [3], [], [], [0], [], [0], [4, 6, 2]]",4111.740573026344,3,0.462+(x[0]),"{'generation': 0, 'evals': 1, 'test_error': 0.0}","[1, 1, 0, 0, 1, 0, 1, 3]"
273,"[[0], [3], [], [], [0], [], [0], [4, 7, 5]]",4112.6553238892975,3,0.475+(x[0]),"{'generation': 0, 'evals': 1, 'test_error': 0.0}","[1, 1, 0, 0, 1, 0, 1, 3]"
274,"[[0], [3], [], [], [0], [], [0], [4, 8, 2]]",4113.1479457039795,3,0.482+(x[0]),"{'generation': 0, 'evals': 1, 'test_error': 0.0}","[1, 1, 0, 0, 1, 0, 1, 3]"
275,"[[0], [3], [], [], [0], [], [0], [4, 9, 0]]",4113.710996888796,3,0.490+(x[0]),"{'generation': 0, 'evals': 1, 'test_error': 0.0}","[1, 1, 0, 0, 1, 0, 1, 3]"
276,"[[0], [3], [], [], [0], [], [0], [4, 9, 4]]",4113.9925444827395,3,0.494+(x[0]),"{'generation': 0, 'evals': 1, 'test_error': 0.0}","[1, 1, 0, 0, 1, 0, 1, 3]"
277,"[[0], [0, 1, 3], [0], [3], [0], [0], [0, 0], [4, 7, 0, 4, 9, 0, 9, 6, 4, 5]]",4114.578200858016,6,0.470+(((_sig_(0.490*(x[0]-96.45))))+(x[0])),"{'generation': 0, 'evals': 1, 'test_error': 0.0}","[1, 3, 1, 1, 1, 1, 2, 10]"
278,"[[0], [3], [], [], [0], [], [0], [5, 0, 8]]",4114.978077086415,3,0.508+(x[0]),"{'generation': 0, 'evals': 1, 'test_error': 0.0}","[1, 1, 0, 0, 1, 0, 1, 3]"
279,"[[0], [3], [], [], [0], [], [0], [5, 3, 0]]",4116.527138347508,3,0.530+(x[0]),"{'generation': 0, 'evals': 1, 'test_error': 0.0}","[1, 1, 0, 0, 1, 0, 1, 3]"
280,"[[0], [3], [], [], [0], [], [0], [5, 3, 1]]",4116.5975609538855,3,0.531+(x[0]),"{'generation': 0, 'evals': 1, 'test_error': 0.0}","[1, 1, 0, 0, 1, 0, 1, 3]"
281,"[[0], [3], [], [], [0], [], [0], [5, 4, 3]]",4117.442705453544,3,0.543+(x[0]),"{'generation': 0, 'evals': 1, 'test_error': 0.0}","[1, 1, 0, 0, 1, 0, 1, 3]"
282,"[[0], [3], [], [], [0], [], [0], [5, 5, 0]]",4117.935769054308,3,0.550+(x[0]),"{'generation': 0, 'evals': 1, 'test_error': 0.0}","[1, 1, 0, 0, 1, 0, 1, 3]"
283,"[[0], [3], [], [], [0], [], [0], [5, 6, 2]]",4118.781128902024,3,0.562+(x[0]),"{'generation': 0, 'evals': 1, 'test_error': 0.0}","[1, 1, 0, 0, 1, 0, 1, 3]"
284,"[[0], [3], [], [], [0], [], [0], [5, 6, 8]]",4119.203860184679,3,0.568+(x[0]),"{'generation': 0, 'evals': 1, 'test_error': 0.0}","[1, 1, 0, 0, 1, 0, 1, 3]"
285,"[[0], [3], [], [], [0], [], [0], [5, 7, 1]]",4119.415238711865,3,0.571+(x[0]),"{'generation': 0, 'evals': 1, 'test_error': 0.0}","[1, 1, 0, 0, 1, 0, 1, 3]"
286,"[[0], [3], [], [], [0], [], [0], [5, 7, 9]]",4119.978956904599,3,0.579+(x[0]),"{'generation': 0, 'evals': 1, 'test_error': 0.0}","[1, 1, 0, 0, 1, 0, 1, 3]"
287,"[[0], [3], [], [], [0], [], [0], [5, 8, 0]]",4120.049425995246,3,0.580+(x[0]),"{'generation': 0, 'evals': 1, 'test_error': 0.0}","[1, 1, 0, 0, 1, 0, 1, 3]"
288,"[[0], [3], [], [], [0], [], [0], [5, 8, 4]]",4120.331311971363,3,0.584+(x[0]),"{'generation': 0, 'evals': 1, 'test_error': 0.0}","[1, 1, 0, 0, 1, 0, 1, 3]"
289,"[[0], [3], [], [], [0], [], [0], [5, 8, 8]]",4120.613213352608,3,0.588+(x[0]),"{'generation': 0, 'evals': 1, 'test_error': 0.0}","[1, 1, 0, 0, 1, 0, 1, 3]"
290,"[[0], [3], [], [], [0], [], [0], [5, 9, 1]]",4120.824649516982,3,0.591+(x[0]),"{'generation': 0, 'evals': 1, 'test_error': 0.0}","[1, 1, 0, 0, 1, 0, 1, 3]"
291,"[[0], [3], [], [], [0], [], [0], [5, 9, 2]]",4120.895130170274,3,0.592+(x[0]),"{'generation': 0, 'evals': 1, 'test_error': 0.0}","[1, 1, 0, 0, 1, 0, 1, 3]"
292,"[[0], [3], [], [], [0], [], [0], [5, 9, 9]]",4121.388521839156,3,0.599+(x[0]),"{'generation': 0, 'evals': 1, 'test_error': 0.0}","[1, 1, 0, 0, 1, 0, 1, 3]"
293,"[[0], [3], [], [], [0], [], [0], [6, 0, 8]]",4122.022952430526,3,0.608+(x[0]),"{'generation': 0, 'evals': 1, 'test_error': 0.0}","[1, 1, 0, 0, 1, 0, 1, 3]"
294,"[[0], [3], [], [], [0], [], [0], [6, 2, 0]]",4122.868982738944,3,0.620+(x[0]),"{'generation': 0, 'evals': 1, 'test_error': 0.0}","[1, 1, 0, 0, 1, 0, 1, 3]"
295,"[[0], [3], [], [], [0], [], [0], [6, 2, 7]]",4123.362565559943,3,0.627+(x[0]),"{'generation': 0, 'evals': 1, 'test_error': 0.0}","[1, 1, 0, 0, 1, 0, 1, 3]"
296,"[[0], [3], [], [], [0], [], [0], [6, 3, 9]]",4124.208819780086,3,0.639+(x[0]),"{'generation': 0, 'evals': 1, 'test_error': 0.0}","[1, 1, 0, 0, 1, 0, 1, 3]"
297,"[[0], [3], [], [], [0], [], [0], [6, 4, 0]]",4124.2793473857455,3,0.640+(x[0]),"{'generation': 0, 'evals': 1, 'test_error': 0.0}","[1, 1, 0, 0, 1, 0, 1, 3]"
298,"[[0], [3], [], [], [0], [], [0], [6, 4, 6]]",4124.702533827345,3,0.646+(x[0]),"{'generation': 0, 'evals': 1, 'test_error': 0.0}","[1, 1, 0, 0, 1, 0, 1, 3]"
299,"[[0], [3], [], [], [0], [], [0], [6, 5, 2]]",4125.125756013996,3,0.652+(x[0]),"{'generation': 0, 'evals': 1, 'test_error': 0.0}","[1, 1, 0, 0, 1, 0, 1, 3]"
300,"[[0], [3], [], [], [0], [], [0], [6, 5, 3]]",4125.196296527574,3,0.653+(x[0]),"{'generation': 0, 'evals': 1, 'test_error': 0.0}","[1, 1, 0, 0, 1, 0, 1, 3]"
301,"[[0], [3], [], [], [0], [], [0], [6, 5, 6]]",4125.407924047806,3,0.656+(x[0]),"{'generation': 0, 'evals': 1, 'test_error': 0.0}","[1, 1, 0, 0, 1, 0, 1, 3]"
302,"[[0], [3], [], [], [0], [], [0], [6, 6, 7]]",4126.183968541878,3,0.667+(x[0]),"{'generation': 0, 'evals': 1, 'test_error': 0.0}","[1, 1, 0, 0, 1, 0, 1, 3]"
303,"[[0], [3], [], [], [0], [], [0], [7, 2, 8]]",4130.489707395425,3,0.728+(x[0]),"{'generation': 0, 'evals': 1, 'test_error': 0.0}","[1, 1, 0, 0, 1, 0, 1, 3]"
304,"[[0], [3], [], [], [0], [], [0], [7, 4, 5]]",4131.690346436965,3,0.745+(x[0]),"{'generation': 0, 'evals': 1, 'test_error': 0.0}","[1, 1, 0, 0, 1, 0, 1, 3]"
305,"[[0], [3], [], [], [0], [], [0], [7, 5, 4]]",4132.326100199198,3,0.754+(x[0]),"{'generation': 0, 'evals': 1, 'test_error': 0.0}","[1, 1, 0, 0, 1, 0, 1, 3]"
306,"[[0], [3], [], [], [0], [], [0], [7, 5, 5]]",4132.396744710306,3,0.755+(x[0]),"{'generation': 0, 'evals': 1, 'test_error': 0.0}","[1, 1, 0, 0, 1, 0, 1, 3]"
307,"[[0], [3], [], [], [0], [], [0], [7, 5, 8]]",4132.60868449962,3,0.758+(x[0]),"{'generation': 0, 'evals': 1, 'test_error': 0.0}","[1, 1, 0, 0, 1, 0, 1, 3]"
308,"[[0], [3], [], [], [0], [], [0], [7, 6, 0]]",4132.749982910003,3,0.760+(x[0]),"{'generation': 0, 'evals': 1, 'test_error': 0.0}","[1, 1, 0, 0, 1, 0, 1, 3]"
309,"[[0], [3], [], [], [0], [], [0], [7, 6, 3]]",4132.961938360178,3,0.763+(x[0]),"{'generation': 0, 'evals': 1, 'test_error': 0.0}","[1, 1, 0, 0, 1, 0, 1, 3]"
310,"[[0], [3], [], [], [0], [], [0], [7, 6, 4]]",4133.032592267787,3,0.764+(x[0]),"{'generation': 0, 'evals': 1, 'test_error': 0.0}","[1, 1, 0, 0, 1, 0, 1, 3]"
311,"[[0], [3], [], [], [0], [], [0], [7, 6, 5]]",4133.103247221528,3,0.765+(x[0]),"{'generation': 0, 'evals': 1, 'test_error': 0.0}","[1, 1, 0, 0, 1, 0, 1, 3]"
312,"[[0], [3], [], [], [0], [], [0], [7, 7, 4]]",4133.739188948878,3,0.774+(x[0]),"{'generation': 0, 'evals': 1, 'test_error': 0.0}","[1, 1, 0, 0, 1, 0, 1, 3]"
313,"[[0], [3], [], [], [0], [], [0], [7, 8, 2]]",4134.304541889522,3,0.782+(x[0]),"{'generation': 0, 'evals': 1, 'test_error': 0.0}","[1, 1, 0, 0, 1, 0, 1, 3]"
314,"[[0], [3], [], [], [0], [], [0], [7, 8, 2]]",4134.304541889522,3,0.782+(x[0]),"{'generation': 0, 'evals': 1, 'test_error': 0.0}","[1, 1, 0, 0, 1, 0, 1, 3]"
315,"[[0], [3], [], [], [0], [], [0], [8, 2, 0]]",4136.990892440627,3,0.820+(x[0]),"{'generation': 0, 'evals': 1, 'test_error': 0.0}","[1, 1, 0, 0, 1, 0, 1, 3]"
316,"[[0], [3], [], [], [0], [], [0], [8, 2, 1]]",4137.0616066100265,3,0.821+(x[0]),"{'generation': 0, 'evals': 1, 'test_error': 0.0}","[1, 1, 0, 0, 1, 0, 1, 3]"
317,"[[0], [3], [], [], [0], [], [0], [8, 2, 2]]",4137.132321847623,3,0.822+(x[0]),"{'generation': 0, 'evals': 1, 'test_error': 0.0}","[1, 1, 0, 0, 1, 0, 1, 3]"
318,"[[0], [3], [], [], [0], [], [0], [8, 3, 2]]",4137.839533052991,3,0.832+(x[0]),"{'generation': 0, 'evals': 1, 'test_error': 0.0}","[1, 1, 0, 0, 1, 0, 1, 3]"
319,"[[0], [3], [], [], [0], [], [0], [8, 4, 9]]",4139.04203832838,3,0.849+(x[0]),"{'generation': 0, 'evals': 1, 'test_error': 0.0}","[1, 1, 0, 0, 1, 0, 1, 3]"
320,"[[0], [3], [], [], [0], [], [0], [8, 7, 0]]",4140.527916241571,3,0.870+(x[0]),"{'generation': 0, 'evals': 1, 'test_error': 0.0}","[1, 1, 0, 0, 1, 0, 1, 3]"
321,"[[0], [3], [], [], [0], [], [0], [8, 7, 4]]",4140.810994742562,3,0.874+(x[0]),"{'generation': 0, 'evals': 1, 'test_error': 0.0}","[1, 1, 0, 0, 1, 0, 1, 3]"
322,"[[0], [3], [], [], [0], [], [0], [8, 7, 5]]",4140.881767081306,3,0.875+(x[0]),"{'generation': 0, 'evals': 1, 'test_error': 0.0}","[1, 1, 0, 0, 1, 0, 1, 3]"
323,"[[0], [3], [], [], [0], [], [0], [8, 7, 6]]",4140.952540506048,3,0.876+(x[0]),"{'generation': 0, 'evals': 1, 'test_error': 0.0}","[1, 1, 0, 0, 1, 0, 1, 3]"
324,"[[0], [3], [], [], [0], [], [0], [8, 8, 4]]",4141.518767035321,3,0.884+(x[0]),"{'generation': 0, 'evals': 1, 'test_error': 0.0}","[1, 1, 0, 0, 1, 0, 1, 3]"
325,"[[0], [3], [], [], [0], [], [0], [8, 8, 4]]",4141.518767035321,3,0.884+(x[0]),"{'generation': 0, 'evals': 1, 'test_error': 0.0}","[1, 1, 0, 0, 1, 0, 1, 3]"
326,"[[0], [3], [], [], [0], [], [0], [9, 0, 0]]",4142.651429253783,3,0.900+(x[0]),"{'generation': 0, 'evals': 1, 'test_error': 0.0}","[1, 1, 0, 0, 1, 0, 1, 3]"
327,"[[0], [3], [], [], [0], [], [0], [9, 0, 1]]",4142.7222299218765,3,0.901+(x[0]),"{'generation': 0, 'evals': 1, 'test_error': 0.0}","[1, 1, 0, 0, 1, 0, 1, 3]"
328,"[[0], [3], [], [], [0], [], [0], [9, 0, 7]]",4143.147056899415,3,0.907+(x[0]),"{'generation': 0, 'evals': 1, 'test_error': 0.0}","[1, 1, 0, 0, 1, 0, 1, 3]"
329,"[[0], [3], [], [], [0], [], [0], [9, 1, 5]]",4143.713554192541,3,0.915+(x[0]),"{'generation': 0, 'evals': 1, 'test_error': 0.0}","[1, 1, 0, 0, 1, 0, 1, 3]"
330,"[[0], [3], [], [], [0], [], [0], [9, 2, 8]]",4144.634262075384,3,0.928+(x[0]),"{'generation': 0, 'evals': 1, 'test_error': 0.0}","[1, 1, 0, 0, 1, 0, 1, 3]"
331,"[[0], [3], [], [], [0], [], [0], [9, 2, 9]]",4144.705093452107,3,0.929+(x[0]),"{'generation': 0, 'evals': 1, 'test_error': 0.0}","[1, 1, 0, 0, 1, 0, 1, 3]"
332,"[[0], [3], [], [], [0], [], [0], [9, 3, 7]]",4145.271784092767,3,0.937+(x[0]),"{'generation': 0, 'evals': 1, 'test_error': 0.0}","[1, 1, 0, 0, 1, 0, 1, 3]"
333,"[[0], [3], [], [], [0], [], [0], [9, 5, 3]]",4146.405377064095,3,0.953+(x[0]),"{'generation': 0, 'evals': 1, 'test_error': 0.0}","[1, 1, 0, 0, 1, 0, 1, 3]"
334,"[[0], [3], [], [], [0], [], [0], [9, 6, 1]]",4146.97227960472,3,0.961+(x[0]),"{'generation': 0, 'evals': 1, 'test_error': 0.0}","[1, 1, 0, 0, 1, 0, 1, 3]"
335,"[[0], [3], [], [], [0], [], [0], [9, 6, 6]]",4147.326629656908,3,0.966+(x[0]),"{'generation': 0, 'evals': 1, 'test_error': 0.0}","[1, 1, 0, 0, 1, 0, 1, 3]"
336,"[[0], [3], [], [], [0], [], [0], [9, 6, 9]]",4147.539252978887,3,0.969+(x[0]),"{'generation': 0, 'evals': 1, 'test_error': 0.0}","[1, 1, 0, 0, 1, 0, 1, 3]"
337,"[[0], [3], [], [], [0], [], [0], [9, 6, 9]]",4147.539252978887,3,0.969+(x[0]),"{'generation': 0, 'evals': 1, 'test_error': 0.0}","[1, 1, 0, 0, 1, 0, 1, 3]"
338,"[[0], [3], [], [], [0], [], [0], [9, 7, 0]]",4147.610129635702,3,0.970+(x[0]),"{'generation': 0, 'evals': 1, 'test_error': 0.0}","[1, 1, 0, 0, 1, 0, 1, 3]"
339,"[[0], [3], [], [], [0], [], [0], [9, 8, 5]]",4148.673412582921,3,0.985+(x[0]),"{'generation': 0, 'evals': 1, 'test_error': 0.0}","[1, 1, 0, 0, 1, 0, 1, 3]"
340,"[[0], [3], [], [], [0], [], [0], [9, 8, 9]]",4148.956996888655,3,0.989+(x[0]),"{'generation': 0, 'evals': 1, 'test_error': 0.0}","[1, 1, 0, 0, 1, 0, 1, 3]"
341,"[[0], [3], [], [], [0], [], [0], [9, 9, 6]]",4149.453312214236,3,0.996+(x[0]),"{'generation': 0, 'evals': 1, 'test_error': 0.0}","[1, 1, 0, 0, 1, 0, 1, 3]"
342,"[[0], [0, 2, 2], [1], [], [], [0, 0], [0], [2, 0, 7, 5, 8, 6, 5, 1, 1, 7, 8]]",4170.1528095195035,5,0.207+((58.65)-(11.78)),"{'generation': 0, 'evals': 1, 'test_error': 0.0}","[1, 3, 1, 0, 0, 2, 1, 11]"
343,"[[0], [0, 1, 3], [0], [1], [0], [0, 0], [0], [3, 4, 1, 5, 9, 7, 4, 2, 2, 5, 8]]",4197.085551168675,6,0.341+(((_exp_((x[0]-59.74)|_div_|22.58)))+(x[0])),"{'generation': 0, 'evals': 1, 'test_error': 0.0}","[1, 3, 1, 1, 1, 2, 1, 11]"
344,"[[0], [0, 1, 3], [0], [3], [0], [0], [0, 0], [7, 8, 8, 1, 0, 8, 2, 5, 0, 9]]",4197.442226857598,6,0.788+(((_sig_(0.108*(x[0]-25.09))))+(x[0])),"{'generation': 0, 'evals': 1, 'test_error': 0.0}","[1, 3, 1, 1, 1, 1, 2, 10]"
345,"[[0], [0, 1, 3], [0], [2], [0], [0, 0], [0], [9, 9, 4, 7, 7, 9, 4, 9, 4, 2, 8]]",4207.844357840142,6,0.994+(((_exp_((x[0]-77.94)|_div_|94.28)))+(x[0])),"{'generation': 0, 'evals': 1, 'test_error': 0.0}","[1, 3, 1, 1, 1, 2, 1, 11]"
346,"[[0], [2], [], [], [], [0], [0], [8, 0, 2, 4, 7, 0, 7]]",4241.702809519504,4,0.802+(47.07),"{'generation': 0, 'evals': 1, 'test_error': 0.0}","[1, 1, 0, 0, 0, 1, 1, 7]"
347,"[[0], [2], [], [], [], [0], [0], [7, 3, 4, 4, 8, 4, 5]]",4359.782809519505,4,0.734+(48.45),"{'generation': 0, 'evals': 1, 'test_error': 0.0}","[1, 1, 0, 0, 0, 1, 1, 7]"
348,"[[0], [2], [], [], [], [0], [0], [5, 0, 7, 4, 9, 9, 0]]",4469.852809519503,4,0.507+(49.90),"{'generation': 0, 'evals': 1, 'test_error': 0.0}","[1, 1, 0, 0, 0, 1, 1, 7]"
349,"[[0], [1], [], [2], [], [0, 0], [0], [2, 7, 5, 0, 8, 2, 3, 1, 4, 9, 5]]",4483.721650597331,5,0.275+((_exp_((x[0]-08.23)|_div_|14.95))),"{'generation': 0, 'evals': 1, 'test_error': 0.0}","[1, 1, 0, 1, 0, 2, 1, 11]"
350,"[[0], [0, 3, 1], [3], [1], [0], [0, 0], [0], [9, 5, 7, 6, 4, 0, 2, 7, 8, 6, 5]]",4539.604387753356,6,0.957+((x[0])|_div_|((_exp_((x[0]-64.02)|_div_|78.65)))),"{'generation': 0, 'evals': 1, 'test_error': 0.0}","[1, 3, 1, 1, 1, 2, 1, 11]"
351,"[[0], [0, 2, 3], [1], [], [0], [0], [0], [3, 5, 9, 9, 4, 8, 2]]",4581.017564809801,5,0.359+((94.82)-(x[0])),"{'generation': 0, 'evals': 1, 'test_error': 0.0}","[1, 3, 1, 0, 1, 1, 1, 7]"
352,"[[0], [0, 2, 1], [1], [3], [], [0, 0], [0, 0], [0, 9, 4, 5, 2, 3, 6, 6, 5, 2, 6, 8, 5, 3]]",4632.112588732037,6,0.094+((52.36)-((_sig_(0.652*(x[0]-68.53))))),"{'generation': 0, 'evals': 1, 'test_error': 0.0}","[1, 3, 1, 1, 0, 2, 2, 14]"
353,"[[0], [2], [], [], [], [0], [0], [4, 5, 4, 5, 2, 1, 9]]",4671.182809519503,4,0.454+(52.19),"{'generation': 0, 'evals': 1, 'test_error': 0.0}","[1, 1, 0, 0, 0, 1, 1, 7]"
354,"[[0], [2], [], [], [], [0], [0], [7, 3, 4, 5, 1, 9, 7]]",4676.582809519505,4,0.734+(51.97),"{'generation': 0, 'evals': 1, 'test_error': 0.0}","[1, 1, 0, 0, 0, 1, 1, 7]"
355,"[[0], [2], [], [], [], [0], [0], [7, 7, 8, 5, 2, 7, 2]]",4748.042809519504,4,0.778+(52.72),"{'generation': 0, 'evals': 1, 'test_error': 0.0}","[1, 1, 0, 0, 0, 1, 1, 7]"
356,"[[0], [2], [], [], [], [0], [0], [0, 8, 8, 5, 4, 4, 9]]",4845.2428095195055,4,0.088+(54.49),"{'generation': 0, 'evals': 1, 'test_error': 0.0}","[1, 1, 0, 0, 0, 1, 1, 7]"
357,"[[0], [2], [], [], [], [0], [0], [0, 6, 1, 5, 5, 1, 1]]",4898.612809519504,4,0.061+(55.11),"{'generation': 0, 'evals': 1, 'test_error': 0.0}","[1, 1, 0, 0, 0, 1, 1, 7]"
358,"[[0], [2], [], [], [], [0], [0], [3, 5, 5, 5, 5, 0, 9]]",4923.272809519504,4,0.355+(55.09),"{'generation': 0, 'evals': 1, 'test_error': 0.0}","[1, 1, 0, 0, 0, 1, 1, 7]"
359,"[[0], [0, 1, 2], [0], [3], [], [0, 0], [0, 0], [5, 9, 4, 6, 1, 7, 7, 5, 4, 8, 5, 5, 0, 9]]",4959.828945405048,6,0.594+(((_sig_(0.617*(x[0]-75.48))))+(55.09)),"{'generation': 0, 'evals': 1, 'test_error': 0.0}","[1, 3, 1, 1, 0, 2, 2, 14]"
360,"[[0], [2], [], [], [], [0], [0], [7, 8, 6, 5, 5, 8, 4]]",5029.562809519505,4,0.786+(55.84),"{'generation': 0, 'evals': 1, 'test_error': 0.0}","[1, 1, 0, 0, 0, 1, 1, 7]"
361,"[[0], [0, 1, 1, 3], [0], [0, 1], [0], [0, 0], [0], [2, 1, 9, 0, 4, 0, 5, 6, 6, 4, 6]]",5086.346979779062,8,0.219+(((_exp_((_exp_((x[0]-04.05)|_div_|66.46)))))+(x[0])),"{'generation': 0, 'evals': 1, 'test_error': 0.0}","[1, 4, 1, 2, 1, 2, 1, 11]"
362,"[[0], [2], [], [], [], [0], [0], [8, 5, 0, 5, 6, 6, 2]]",5105.522809519503,4,0.850+(56.62),"{'generation': 0, 'evals': 1, 'test_error': 0.0}","[1, 1, 0, 0, 0, 1, 1, 7]"
363,"[[0], [2], [], [], [], [0], [0], [2, 4, 1, 5, 7, 5, 6]]",5135.312809519504,4,0.241+(57.56),"{'generation': 0, 'evals': 1, 'test_error': 0.0}","[1, 1, 0, 0, 0, 1, 1, 7]"
364,"[[0], [2], [], [], [], [0], [0], [8, 0, 9, 5, 7, 8, 7]]",5214.332809519503,4,0.809+(57.87),"{'generation': 0, 'evals': 1, 'test_error': 0.0}","[1, 1, 0, 0, 0, 1, 1, 7]"
365,"[[0], [2], [], [], [], [0], [0], [8, 6, 9, 5, 7, 8, 4]]",5217.032809519505,4,0.869+(57.84),"{'generation': 0, 'evals': 1, 'test_error': 0.0}","[1, 1, 0, 0, 0, 1, 1, 7]"
366,"[[0], [2], [], [], [], [0], [0], [5, 1, 1, 5, 9, 0, 8]]",5296.412809519504,4,0.511+(59.08),"{'generation': 0, 'evals': 1, 'test_error': 0.0}","[1, 1, 0, 0, 0, 1, 1, 7]"
367,"[[0], [2], [], [], [], [0], [0], [7, 2, 8, 5, 8, 9, 6]]",5305.142809519504,4,0.728+(58.96),"{'generation': 0, 'evals': 1, 'test_error': 0.0}","[1, 1, 0, 0, 0, 1, 1, 7]"
368,"[[0], [1], [], [2], [], [0, 0], [0], [2, 9, 1, 0, 3, 9, 4, 1, 5, 2, 6]]",5383.162004985146,5,0.291+((_exp_((x[0]-03.94)|_div_|15.26))),"{'generation': 0, 'evals': 1, 'test_error': 0.0}","[1, 1, 0, 1, 0, 2, 1, 11]"
369,"[[0], [2], [], [], [], [0], [0], [0, 1, 4, 6, 1, 2, 7]]",5448.7828095195055,4,0.014+(61.27),"{'generation': 0, 'evals': 1, 'test_error': 0.0}","[1, 1, 0, 0, 0, 1, 1, 7]"
370,"[[0], [0, 1, 2], [2], [1], [], [0, 0, 0], [0], [1, 1, 6, 4, 5, 6, 3, 6, 8, 5, 2, 5, 7, 2, 9]]",5458.328888657371,6,0.116+(((_exp_((x[0]-45.63)|_div_|68.52)))*(57.29)),"{'generation': 0, 'evals': 1, 'test_error': 0.0}","[1, 3, 1, 1, 0, 3, 1, 15]"
371,"[[0], [2], [], [], [], [0], [0], [4, 4, 5, 6, 1, 0, 9]]",5471.372809519505,4,0.445+(61.09),"{'generation': 0, 'evals': 1, 'test_error': 0.0}","[1, 1, 0, 0, 0, 1, 1, 7]"
372,"[[0], [0, 1, 2], [0], [2], [], [0, 0, 0], [0], [8, 7, 3, 4, 0, 8, 5, 3, 0, 8, 3, 5, 9, 3, 3]]",5503.878175626039,6,0.873+(((_exp_((x[0]-40.85)|_div_|30.83)))+(59.33)),"{'generation': 0, 'evals': 1, 'test_error': 0.0}","[1, 3, 1, 1, 0, 3, 1, 15]"
373,"[[0], [2], [], [], [], [0], [0], [6, 0, 5, 6, 2, 3, 3]]",5597.372809519504,4,0.605+(62.33),"{'generation': 0, 'evals': 1, 'test_error': 0.0}","[1, 1, 0, 0, 0, 1, 1, 7]"
374,"[[0], [2], [], [], [], [0], [0], [2, 3, 3, 6, 3, 4, 3]]",5662.892809519504,4,0.233+(63.43),"{'generation': 0, 'evals': 1, 'test_error': 0.0}","[1, 1, 0, 0, 0, 1, 1, 7]"
375,"[[0], [2], [], [], [], [0], [0], [9, 7, 5, 6, 3, 6, 1]]",5745.872809519502,4,0.975+(63.61),"{'generation': 0, 'evals': 1, 'test_error': 0.0}","[1, 1, 0, 0, 0, 1, 1, 7]"
376,"[[0], [2], [], [], [], [0], [0], [6, 4, 1, 6, 4, 0, 2]]",5752.712809519504,4,0.641+(64.02),"{'generation': 0, 'evals': 1, 'test_error': 0.0}","[1, 1, 0, 0, 0, 1, 1, 7]"
377,"[[0], [2], [], [], [], [0], [0], [9, 3, 2, 6, 3, 7, 7]]",5756.4028095195035,4,0.932+(63.77),"{'generation': 0, 'evals': 1, 'test_error': 0.0}","[1, 1, 0, 0, 0, 1, 1, 7]"
378,"[[0], [2], [], [], [], [0], [0], [8, 0, 8, 6, 4, 5, 3]]",5813.642809519506,4,0.808+(64.53),"{'generation': 0, 'evals': 1, 'test_error': 0.0}","[1, 1, 0, 0, 0, 1, 1, 7]"
379,"[[0], [2], [], [], [], [0], [0], [6, 3, 2, 6, 6, 4, 0]]",5966.102809519504,4,0.632+(66.40),"{'generation': 0, 'evals': 1, 'test_error': 0.0}","[1, 1, 0, 0, 0, 1, 1, 7]"
380,"[[0], [2], [], [], [], [0], [0], [4, 3, 0, 6, 6, 6, 8]]",5973.122809519506,4,0.430+(66.68),"{'generation': 0, 'evals': 1, 'test_error': 0.0}","[1, 1, 0, 0, 0, 1, 1, 7]"
381,"[[0], [2], [], [], [], [0], [0], [3, 6, 1, 6, 6, 8, 7]]",5984.012809519504,4,0.361+(66.87),"{'generation': 0, 'evals': 1, 'test_error': 0.0}","[1, 1, 0, 0, 0, 1, 1, 7]"
382,"[[0], [2], [], [], [], [0], [0], [0, 5, 1, 6, 7, 4, 1]]",6004.712809519504,4,0.051+(67.41),"{'generation': 0, 'evals': 1, 'test_error': 0.0}","[1, 1, 0, 0, 0, 1, 1, 7]"
383,"[[0], [2], [], [], [], [0], [0], [8, 4, 9, 6, 6, 7, 8]]",6019.832809519504,4,0.849+(66.78),"{'generation': 0, 'evals': 1, 'test_error': 0.0}","[1, 1, 0, 0, 0, 1, 1, 7]"
384,"[[0], [2], [], [], [], [0], [0], [0, 0, 4, 6, 7, 6, 7]]",6023.882809519505,4,0.004+(67.67),"{'generation': 0, 'evals': 1, 'test_error': 0.0}","[1, 1, 0, 0, 0, 1, 1, 7]"
385,"[[0], [2], [], [], [], [0], [0], [8, 8, 9, 6, 7, 0, 7]]",6049.532809519503,4,0.889+(67.07),"{'generation': 0, 'evals': 1, 'test_error': 0.0}","[1, 1, 0, 0, 0, 1, 1, 7]"
386,"[[0], [0, 2, 1], [2], [3], [], [0, 0], [0, 0], [7, 2, 0, 9, 6, 6, 8, 2, 8, 6, 2, 6, 5, 4]]",6159.4250613449985,6,0.720+((96.68)*((_sig_(0.286*(x[0]-26.54))))),"{'generation': 0, 'evals': 1, 'test_error': 0.0}","[1, 3, 1, 1, 0, 2, 2, 14]"
387,"[[0], [2], [], [], [], [0], [0], [4, 6, 8, 6, 8, 8, 5]]",6171.842809519503,4,0.468+(68.85),"{'generation': 0, 'evals': 1, 'test_error': 0.0}","[1, 1, 0, 0, 0, 1, 1, 7]"
388,"[[0], [0, 2, 2], [0], [], [], [0, 0], [0], [8, 2, 4, 3, 3, 6, 1, 3, 5, 8, 8]]",6261.482809519504,5,0.824+((33.61)+(35.88)),"{'generation': 0, 'evals': 1, 'test_error': 0.0}","[1, 3, 1, 0, 0, 2, 1, 11]"
389,"[[0], [2], [], [], [], [0], [0], [2, 4, 1, 7, 1, 6, 4]]",6402.512809519504,4,0.241+(71.64),"{'generation': 0, 'evals': 1, 'test_error': 0.0}","[1, 1, 0, 0, 0, 1, 1, 7]"
390,"[[0], [2], [], [], [], [0], [0], [6, 0, 4, 7, 3, 2, 9]]",6583.682809519504,4,0.604+(73.29),"{'generation': 0, 'evals': 1, 'test_error': 0.0}","[1, 1, 0, 0, 0, 1, 1, 7]"
391,"[[0], [2], [], [], [], [0], [0], [2, 3, 3, 7, 4, 5, 3]]",6661.892809519504,4,0.233+(74.53),"{'generation': 0, 'evals': 1, 'test_error': 0.0}","[1, 1, 0, 0, 0, 1, 1, 7]"
392,"[[0], [2], [], [], [], [0], [0], [3, 3, 3, 7, 4, 6, 1]]",6678.092809519503,4,0.333+(74.61),"{'generation': 0, 'evals': 1, 'test_error': 0.0}","[1, 1, 0, 0, 0, 1, 1, 7]"
393,"[[0], [2], [], [], [], [0], [0], [0, 4, 0, 7, 5, 7, 2]]",6751.622809519504,4,0.040+(75.72),"{'generation': 0, 'evals': 1, 'test_error': 0.0}","[1, 1, 0, 0, 0, 1, 1, 7]"
394,"[[0], [2], [], [], [], [0], [0], [1, 0, 3, 7, 6, 0, 8]]",6789.6928095195035,4,0.103+(76.08),"{'generation': 0, 'evals': 1, 'test_error': 0.0}","[1, 1, 0, 0, 0, 1, 1, 7]"
395,"[[0], [2], [], [], [], [0], [0], [9, 8, 4, 7, 5, 3, 0]]",6798.782809519504,4,0.984+(75.30),"{'generation': 0, 'evals': 1, 'test_error': 0.0}","[1, 1, 0, 0, 0, 1, 1, 7]"
396,"[[0], [2], [], [], [], [0], [0], [5, 4, 6, 7, 6, 8, 5]]",6898.8628095195045,4,0.546+(76.85),"{'generation': 0, 'evals': 1, 'test_error': 0.0}","[1, 1, 0, 0, 0, 1, 1, 7]"
397,"[[0], [2], [], [], [], [0], [0], [0, 4, 7, 7, 7, 6, 6]]",6926.852809519503,4,0.047+(77.66),"{'generation': 0, 'evals': 1, 'test_error': 0.0}","[1, 1, 0, 0, 0, 1, 1, 7]"
398,"[[0], [2], [], [], [], [0], [0], [7, 7, 3, 7, 7, 0, 0]]",6932.792809519503,4,0.773+(77.00),"{'generation': 0, 'evals': 1, 'test_error': 0.0}","[1, 1, 0, 0, 0, 1, 1, 7]"
399,"[[0], [2], [], [], [], [0], [0], [3, 3, 7, 7, 9, 7, 9]]",7144.652809519505,4,0.337+(79.79),"{'generation': 0, 'evals': 1, 'test_error': 0.0}","[1, 1, 0, 0, 0, 1, 1, 7]"
400,"[[0], [0, 2, 1], [1], [3], [], [0, 0], [0, 0], [3, 6, 6, 8, 1, 1, 3, 8, 5, 9, 3, 9, 1, 5]]",7216.512809559412,6,0.366+((81.13)-((_sig_(0.859*(x[0]-39.15))))),"{'generation': 0, 'evals': 1, 'test_error': 0.0}","[1, 3, 1, 1, 0, 2, 2, 14]"
401,"[[0], [2], [], [], [], [0], [0], [3, 5, 1, 8, 0, 6, 6]]",7224.212809519505,4,0.351+(80.66),"{'generation': 0, 'evals': 1, 'test_error': 0.0}","[1, 1, 0, 0, 0, 1, 1, 7]"
402,"[[0], [2], [], [], [], [0], [0], [1, 3, 2, 8, 1, 3, 7]]",7268.402809519505,4,0.132+(81.37),"{'generation': 0, 'evals': 1, 'test_error': 0.0}","[1, 1, 0, 0, 0, 1, 1, 7]"
403,"[[0], [2], [], [], [], [0], [0], [1, 3, 2, 8, 1, 8, 4]]",7310.7028095195055,4,0.132+(81.84),"{'generation': 0, 'evals': 1, 'test_error': 0.0}","[1, 1, 0, 0, 0, 1, 1, 7]"
404,"[[0], [2], [], [], [], [0], [0], [0, 7, 6, 8, 2, 3, 3]]",7349.762809519504,4,0.076+(82.33),"{'generation': 0, 'evals': 1, 'test_error': 0.0}","[1, 1, 0, 0, 0, 1, 1, 7]"
405,"[[0], [2], [], [], [], [0], [0], [7, 7, 0, 8, 2, 0, 5]]",7387.022809519504,4,0.770+(82.05),"{'generation': 0, 'evals': 1, 'test_error': 0.0}","[1, 1, 0, 0, 0, 1, 1, 7]"
406,"[[0], [2], [], [], [], [0], [0], [3, 7, 9, 8, 2, 8, 8]]",7426.532809519504,4,0.379+(82.88),"{'generation': 0, 'evals': 1, 'test_error': 0.0}","[1, 1, 0, 0, 0, 1, 1, 7]"
407,"[[0], [2], [], [], [], [0], [0], [3, 0, 9, 8, 3, 4, 1]]",7467.932809519503,4,0.309+(83.41),"{'generation': 0, 'evals': 1, 'test_error': 0.0}","[1, 1, 0, 0, 0, 1, 1, 7]"
408,"[[0], [2], [], [], [], [0], [0], [2, 5, 3, 8, 4, 2, 6]]",7539.392809519504,4,0.253+(84.26),"{'generation': 0, 'evals': 1, 'test_error': 0.0}","[1, 1, 0, 0, 0, 1, 1, 7]"
409,"[[0], [2], [], [], [], [0], [0], [0, 8, 1, 8, 4, 7, 1]]",7564.412809519504,4,0.081+(84.71),"{'generation': 0, 'evals': 1, 'test_error': 0.0}","[1, 1, 0, 0, 0, 1, 1, 7]"
410,"[[0], [2], [], [], [], [0], [0], [0, 7, 5, 8, 4, 8, 4]]",7575.572809519505,4,0.075+(84.84),"{'generation': 0, 'evals': 1, 'test_error': 0.0}","[1, 1, 0, 0, 0, 1, 1, 7]"
411,"[[0], [0, 2, 2], [0], [], [], [0, 0], [0], [0, 3, 8, 1, 4, 4, 0, 7, 0, 6, 7]]",7592.942809519504,5,0.038+((14.40)+(70.67)),"{'generation': 0, 'evals': 1, 'test_error': 0.0}","[1, 3, 1, 0, 0, 2, 1, 11]"
412,"[[0], [2], [], [], [], [0], [0], [4, 7, 8, 8, 4, 7, 5]]",7603.742809519503,4,0.478+(84.75),"{'generation': 0, 'evals': 1, 'test_error': 0.0}","[1, 1, 0, 0, 0, 1, 1, 7]"
413,"[[0], [2], [], [], [], [0], [0], [5, 3, 3, 8, 5, 8, 3]]",7705.892809519504,4,0.533+(85.83),"{'generation': 0, 'evals': 1, 'test_error': 0.0}","[1, 1, 0, 0, 0, 1, 1, 7]"
414,"[[0], [2], [], [], [], [0], [0], [4, 1, 8, 8, 7, 0, 1]]",7801.742809519505,4,0.418+(87.01),"{'generation': 0, 'evals': 1, 'test_error': 0.0}","[1, 1, 0, 0, 0, 1, 1, 7]"
415,"[[0], [0, 1, 2], [0], [1], [], [0, 0, 0], [0], [2, 7, 9, 2, 2, 1, 4, 7, 9, 5, 5, 8, 5, 7, 5]]",7802.580459537402,6,0.279+(((_exp_((x[0]-22.14)|_div_|79.55)))+(85.75)),"{'generation': 0, 'evals': 1, 'test_error': 0.0}","[1, 3, 1, 1, 0, 3, 1, 15]"
416,"[[0], [0, 2, 2], [0], [], [], [0, 0], [0], [3, 2, 0, 6, 3, 9, 7, 2, 3, 4, 7]]",7831.622809519503,5,0.320+((63.97)+(23.47)),"{'generation': 0, 'evals': 1, 'test_error': 0.0}","[1, 3, 1, 0, 0, 2, 1, 11]"
417,"[[0], [2], [], [], [], [0], [0], [5, 2, 3, 8, 7, 2, 4]]",7831.892809519503,4,0.523+(87.24),"{'generation': 0, 'evals': 1, 'test_error': 0.0}","[1, 1, 0, 0, 0, 1, 1, 7]"
418,"[[0], [2], [], [], [], [0], [0], [1, 2, 0, 8, 7, 8, 1]]",7846.922809519505,4,0.120+(87.81),"{'generation': 0, 'evals': 1, 'test_error': 0.0}","[1, 1, 0, 0, 0, 1, 1, 7]"
419,"[[0], [2], [], [], [], [0], [0], [8, 0, 3, 8, 7, 1, 4]]",7848.092809519504,4,0.803+(87.14),"{'generation': 0, 'evals': 1, 'test_error': 0.0}","[1, 1, 0, 0, 0, 1, 1, 7]"
420,"[[0], [2], [], [], [], [0], [0], [9, 1, 1, 8, 7, 1, 0]]",7854.212809519504,4,0.911+(87.10),"{'generation': 0, 'evals': 1, 'test_error': 0.0}","[1, 1, 0, 0, 0, 1, 1, 7]"
421,"[[0], [2], [], [], [], [0], [0], [5, 2, 8, 8, 9, 1, 0]]",7999.742809519505,4,0.528+(89.10),"{'generation': 0, 'evals': 1, 'test_error': 0.0}","[1, 1, 0, 0, 0, 1, 1, 7]"
422,"[[0], [0, 2, 3], [0], [], [0], [0], [0], [7, 4, 7, 4, 5, 2, 2]]",8005.252809519505,5,0.747+((45.22)+(x[0])),"{'generation': 0, 'evals': 1, 'test_error': 0.0}","[1, 3, 1, 0, 1, 1, 1, 7]"
423,"[[0], [2], [], [], [], [0], [0], [9, 2, 5, 8, 9, 2, 3]]",8047.172809519504,4,0.925+(89.23),"{'generation': 0, 'evals': 1, 'test_error': 0.0}","[1, 1, 0, 0, 0, 1, 1, 7]"
424,"[[0], [0, 1, 2], [0], [2], [], [0, 0, 0], [0], [1, 3, 1, 7, 1, 6, 1, 6, 7, 2, 6, 9, 1, 1, 0]]",8209.62398780338,6,0.131+(((_exp_((x[0]-71.61)|_div_|67.26)))+(91.10)),"{'generation': 0, 'evals': 1, 'test_error': 0.0}","[1, 3, 1, 1, 0, 3, 1, 15]"
425,"[[0], [0, 3, 3], [0], [], [0, 0], [], [0], [0, 8, 9]]",8230.876346257877,4,0.089+((x[0])+(x[0])),"{'generation': 0, 'evals': 1, 'test_error': 0.0}","[1, 3, 1, 0, 2, 0, 1, 3]"
426,"[[0], [0, 3, 3], [0], [], [0, 0], [], [0], [1, 9, 5]]",8238.297742964724,4,0.195+((x[0])+(x[0])),"{'generation': 0, 'evals': 1, 'test_error': 0.0}","[1, 3, 1, 0, 2, 0, 1, 3]"
427,"[[0], [0, 3, 3], [0], [], [0, 0], [], [0], [6, 5, 6]]",8270.591670167982,4,0.656+((x[0])+(x[0])),"{'generation': 0, 'evals': 1, 'test_error': 0.0}","[1, 3, 1, 0, 2, 0, 1, 3]"
428,"[[0], [0, 3, 3], [0], [], [0, 0], [], [0], [7, 5, 9]]",8277.812159781768,4,0.759+((x[0])+(x[0])),"{'generation': 0, 'evals': 1, 'test_error': 0.0}","[1, 3, 1, 0, 2, 0, 1, 3]"
429,"[[0], [2], [], [], [], [0], [0], [9, 0, 3, 9, 1, 8, 2]]",8278.292809519504,4,0.903+(91.82),"{'generation': 0, 'evals': 1, 'test_error': 0.0}","[1, 1, 0, 0, 0, 1, 1, 7]"
430,"[[0], [0, 3, 3], [0], [], [0, 0], [], [0], [9, 9, 5]]",8294.366553703763,4,0.995+((x[0])+(x[0])),"{'generation': 0, 'evals': 1, 'test_error': 0.0}","[1, 3, 1, 0, 2, 0, 1, 3]"
431,"[[0], [2], [], [], [], [0], [0], [4, 0, 6, 9, 3, 3, 6]]",8372.162809519505,4,0.406+(93.36),"{'generation': 0, 'evals': 1, 'test_error': 0.0}","[1, 1, 0, 0, 0, 1, 1, 7]"
432,"[[0], [2], [], [], [], [0], [0], [2, 5, 6, 9, 3, 9, 2]]",8409.062809519504,4,0.256+(93.92),"{'generation': 0, 'evals': 1, 'test_error': 0.0}","[1, 1, 0, 0, 0, 1, 1, 7]"
433,"[[0], [2], [], [], [], [0], [0], [1, 1, 0, 9, 4, 4, 9]]",8447.222809519504,4,0.110+(94.49),"{'generation': 0, 'evals': 1, 'test_error': 0.0}","[1, 1, 0, 0, 0, 1, 1, 7]"
434,"[[0], [0, 2, 2], [0], [], [], [0, 0], [0], [8, 2, 5, 4, 6, 9, 8, 4, 7, 5, 5]]",8515.172809519505,5,0.825+((46.98)+(47.55)),"{'generation': 0, 'evals': 1, 'test_error': 0.0}","[1, 3, 1, 0, 0, 2, 1, 11]"
435,"[[0], [2], [], [], [], [0], [0], [3, 1, 4, 9, 5, 6, 9]]",8573.582809519503,4,0.314+(95.69),"{'generation': 0, 'evals': 1, 'test_error': 0.0}","[1, 1, 0, 0, 0, 1, 1, 7]"
436,"[[0], [2], [], [], [], [0], [0], [2, 2, 5, 9, 7, 0, 3]]",8686.172809519503,4,0.225+(97.03),"{'generation': 0, 'evals': 1, 'test_error': 0.0}","[1, 1, 0, 0, 0, 1, 1, 7]"
437,"[[0], [0, 2, 2], [0], [], [], [0, 0], [0], [7, 2, 9, 6, 1, 3, 6, 3, 5, 5, 2]]",8718.032809519504,5,0.729+((61.36)+(35.52)),"{'generation': 0, 'evals': 1, 'test_error': 0.0}","[1, 3, 1, 0, 0, 2, 1, 11]"
438,"[[0], [2], [], [], [], [0], [0], [0, 7, 8, 9, 8, 1, 4]]",8772.842809519503,4,0.078+(98.14),"{'generation': 0, 'evals': 1, 'test_error': 0.0}","[1, 1, 0, 0, 0, 1, 1, 7]"
439,"[[0], [2], [], [], [], [0], [0], [6, 2, 4, 9, 8, 3, 6]]",8841.782809519504,4,0.624+(98.36),"{'generation': 0, 'evals': 1, 'test_error': 0.0}","[1, 1, 0, 0, 0, 1, 1, 7]"
440,"[[0], [2], [], [], [], [0], [0], [7, 0, 4, 9, 8, 7, 7]]",8885.882809519506,4,0.704+(98.77),"{'generation': 0, 'evals': 1, 'test_error': 0.0}","[1, 1, 0, 0, 0, 1, 1, 7]"
441,"[[0], [2], [], [], [], [0], [0], [6, 0, 1, 9, 9, 1, 7]]",8912.612809519504,4,0.601+(99.17),"{'generation': 0, 'evals': 1, 'test_error': 0.0}","[1, 1, 0, 0, 0, 1, 1, 7]"
442,"[[0], [0, 2, 2], [0], [], [], [0, 0], [0], [1, 4, 8, 8, 0, 2, 9, 2, 5, 3, 8]]",9456.842809519503,5,0.148+((80.29)+(25.38)),"{'generation': 0, 'evals': 1, 'test_error': 0.0}","[1, 3, 1, 0, 0, 2, 1, 11]"
443,"[[0], [0, 2, 3], [0], [], [0], [0], [0], [0, 1, 3, 7, 2, 7, 0]]",10412.392809519504,5,0.013+((72.70)+(x[0])),"{'generation': 0, 'evals': 1, 'test_error': 0.0}","[1, 3, 1, 0, 1, 1, 1, 7]"
444,"[[0], [0, 1, 1, 3], [2], [0, 3], [0], [0], [0, 0], [0, 2, 8, 3, 8, 8, 1, 7, 3, 0]]",10850.576843422416,8,0.028+(((_exp_((_sig_(0.388*(x[0]-17.30))))))*(x[0])),"{'generation': 0, 'evals': 1, 'test_error': 0.0}","[1, 4, 1, 2, 1, 1, 2, 10]"
445,"[[0], [0, 2, 2], [0], [], [], [0, 0], [0], [3, 5, 0, 4, 8, 4, 6, 7, 2, 9, 3]]",10889.822809519506,5,0.350+((48.46)+(72.93)),"{'generation': 0, 'evals': 1, 'test_error': 0.0}","[1, 3, 1, 0, 0, 2, 1, 11]"
446,"[[0], [0, 2, 2], [0], [], [], [0, 0], [0], [1, 4, 9, 3, 8, 0, 2, 8, 7, 5, 3]]",11246.132809519504,5,0.149+((38.02)+(87.53)),"{'generation': 0, 'evals': 1, 'test_error': 0.0}","[1, 3, 1, 0, 0, 2, 1, 11]"
447,"[[0], [0, 3, 2], [0], [], [0], [0], [0], [2, 5, 7, 8, 7, 7, 9]]",11792.452809519504,5,0.257+((x[0])+(87.79)),"{'generation': 0, 'evals': 1, 'test_error': 0.0}","[1, 3, 1, 0, 1, 1, 1, 7]"
448,"[[0], [0, 1, 1, 2], [2], [0, 2], [], [0, 0, 0], [0], [0, 7, 9, 5, 8, 4, 1, 4, 2, 3, 4, 4, 4, 1, 5]]",12074.322859859447,8,0.079+(((_exp_((_exp_((x[0]-58.41)|_div_|42.34)))))*(44.15)),"{'generation': 0, 'evals': 1, 'test_error': 0.0}","[1, 4, 1, 2, 0, 3, 1, 15]"
449,"[[0], [0, 2, 2], [0], [], [], [0, 0], [0], [2, 9, 4, 6, 3, 9, 4, 7, 1, 8, 9]]",12184.382809519504,5,0.294+((63.94)+(71.89)),"{'generation': 0, 'evals': 1, 'test_error': 0.0}","[1, 3, 1, 0, 0, 2, 1, 11]"
450,"[[0], [1, 2], [], [0], [], [0], [0], [0, 5, 2, 6, 6, 2, 7]]",inf,6,0.052+((_exp_(66.27))),"{'generation': 0, 'evals': 1, 'test_error': 0.0}","[1, 2, 0, 1, 0, 1, 1, 7]"
451,"[[0], [0, 3, 1], [1], [1], [0], [0, 0], [0], [0, 5, 8, 6, 3, 6, 0, 0, 4, 0, 2]]",inf,6,0.058+((x[0])-((_exp_((x[0]-63.60)|_div_|04.02)))),"{'generation': 0, 'evals': 1, 'test_error': 0.0}","[1, 3, 1, 1, 1, 2, 1, 11]"
452,"[[0], [0, 1, 3, 3], [0], [0], [0, 0], [], [0], [5, 2, 3]]",inf,6,0.523+(((_exp_(x[0])))+(x[0])),"{'generation': 0, 'evals': 1, 'test_error': 0.0}","[1, 4, 1, 1, 2, 0, 1, 3]"
453,"[[0], [0, 3, 3], [2], [], [0, 0], [], [0], [2, 3, 8]]",inf,4,0.238+((x[0])*(x[0])),"{'generation': 0, 'evals': 1, 'test_error': 0.0}","[1, 3, 1, 0, 2, 0, 1, 3]"
454,"[[0], [0, 1, 1], [3], [3, 3], [], [0, 0], [0, 0, 0], [3, 8, 0, 0, 3, 3, 1, 9, 6, 9, 6, 4, 5, 1, 9, 6, 0]]",inf,6,0.380+(((_sig_(0.033*(x[0]-19.69))))|_div_|((_sig_(0.645*(x[0]-19.60))))),"{'generation': 0, 'evals': 1, 'test_error': 0.0}","[1, 3, 1, 2, 0, 2, 3, 17]"
455,"[[0], [0, 3, 2], [2], [], [0], [0], [0], [9, 4, 8, 2, 3, 7, 4]]",inf,5,0.948+((x[0])*(23.74)),"{'generation': 0, 'evals': 1, 'test_error': 0.0}","[1, 3, 1, 0, 1, 1, 1, 7]"
456,"[[0], [0, 2, 1, 2], [1], [0], [], [0, 0], [0], [5, 7, 6, 7, 6, 2, 5, 2, 7, 8, 6]]",inf,7,0.576+((76.25)-((_exp_(27.86)))),"{'generation': 0, 'evals': 1, 'test_error': 0.0}","[1, 4, 1, 1, 0, 2, 1, 11]"
457,"[[0], [0, 2, 1, 3], [2], [0], [0], [0], [0], [0, 2, 8, 6, 1, 4, 4]]",inf,6,0.028+((61.44)*((_exp_(x[0])))),"{'generation': 0, 'evals': 1, 'test_error': 0.0}","[1, 4, 1, 1, 1, 1, 1, 7]"
458,"[[0], [1], [], [1], [], [0, 0], [0], [1, 9, 8, 1, 8, 3, 9, 0, 8, 2, 3]]",inf,5,0.198+((_exp_((x[0]-18.39)|_div_|08.23))),"{'generation': 0, 'evals': 1, 'test_error': 0.0}","[1, 1, 0, 1, 0, 2, 1, 11]"
459,"[[0], [0, 1, 1], [2], [2, 3], [], [0, 0, 0], [0, 0], [1, 4, 3, 0, 2, 6, 4, 0, 6, 7, 6, 1, 3, 4, 1, 3, 5, 5]]",inf,6,0.143+(((_exp_((x[0]-02.64)|_div_|06.76)))*((_sig_(0.134*(x[0]-13.55))))),"{'generation': 0, 'evals': 1, 'test_error': 0.0}","[1, 3, 1, 2, 0, 3, 2, 18]"
460,"[[0], [1, 1], [], [0, 2], [], [0, 0], [0], [9, 8, 3, 3, 7, 3, 7, 0, 9, 1, 8]]",inf,7,0.983+((_exp_((_exp_((x[0]-37.37)|_div_|09.18))))),"{'generation': 0, 'evals': 1, 'test_error': 0.0}","[1, 2, 0, 2, 0, 2, 1, 11]"
461,"[[0], [1, 2], [], [0], [], [0], [0], [7, 7, 0, 1, 7, 1, 3]]",inf,6,0.770+((_exp_(17.13))),"{'generation': 0, 'evals': 1, 'test_error': 0.0}","[1, 2, 0, 1, 0, 1, 1, 7]"
462,"[[0], [0, 2, 2], [2], [], [], [0, 0], [0], [0, 3, 4, 6, 0, 7, 4, 2, 1, 4, 9]]",inf,5,0.034+((60.74)*(21.49)),"{'generation': 0, 'evals': 1, 'test_error': 0.0}","[1, 3, 1, 0, 0, 2, 1, 11]"
463,"[[0], [1, 2], [], [0], [], [0], [0], [1, 1, 6, 9, 1, 1, 1]]",inf,6,0.116+((_exp_(91.11))),"{'generation': 0, 'evals': 1, 'test_error': 0.0}","[1, 2, 0, 1, 0, 1, 1, 7]"
464,"[[0], [0, 1, 3, 2], [3], [0], [0], [0], [0], [4, 8, 3, 0, 9, 9, 3]]",inf,6,0.483+(((_exp_(x[0])))|_div_|(09.93)),"{'generation': 0, 'evals': 1, 'test_error': 0.0}","[1, 4, 1, 1, 1, 1, 1, 7]"
465,"[[0], [0, 1, 1], [2], [2, 2], [], [0, 0, 0, 0], [0], [2, 5, 9, 4, 0, 1, 6, 1, 1, 0, 2, 4, 3, 0, 2, 3, 8, 2, 1]]",inf,6,0.259+(((_exp_((x[0]-40.16)|_div_|11.02)))*((_exp_((x[0]-43.02)|_div_|38.21)))),"{'generation': 0, 'evals': 1, 'test_error': 0.0}","[1, 3, 1, 2, 0, 4, 1, 19]"
466,"[[0], [0, 2, 1], [3], [3], [], [0, 0], [0, 0], [5, 9, 1, 7, 8, 1, 7, 1, 1, 7, 5, 6, 9, 4]]",inf,6,0.591+((78.17)|_div_|((_sig_(0.117*(x[0]-56.94))))),"{'generation': 0, 'evals': 1, 'test_error': 0.0}","[1, 3, 1, 1, 0, 2, 2, 14]"
467,"[[0], [1, 2], [], [0], [], [0], [0], [5, 2, 7, 4, 4, 6, 9]]",inf,6,0.527+((_exp_(44.69))),"{'generation': 0, 'evals': 1, 'test_error': 0.0}","[1, 2, 0, 1, 0, 1, 1, 7]"
468,"[[0], [0, 1, 2, 3], [1], [0], [0], [0], [0], [5, 3, 4, 2, 0, 5, 5]]",inf,7,0.534+(((_exp_(20.55)))-(x[0])),"{'generation': 0, 'evals': 1, 'test_error': 0.0}","[1, 4, 1, 1, 1, 1, 1, 7]"
469,"[[0], [1, 3], [], [0], [0], [], [0], [1, 3, 2]]",inf,5,0.132+((_exp_(x[0]))),"{'generation': 0, 'evals': 1, 'test_error': 0.0}","[1, 2, 0, 1, 1, 0, 1, 3]"
470,"[[0], [0, 3, 1], [3], [3], [0], [0], [0, 0], [2, 7, 8, 9, 1, 0, 5, 4, 5, 7]]",inf,6,0.278+((x[0])|_div_|((_sig_(0.910*(x[0]-54.57))))),"{'generation': 0, 'evals': 1, 'test_error': 0.0}","[1, 3, 1, 1, 1, 1, 2, 10]"
471,"[[0], [1, 3], [], [0], [0], [], [0], [8, 0, 2]]",inf,5,0.802+((_exp_(x[0]))),"{'generation': 0, 'evals': 1, 'test_error': 0.0}","[1, 2, 0, 1, 1, 0, 1, 3]"
472,"[[0], [0, 3, 2], [2], [], [0], [0], [0], [1, 6, 5, 3, 6, 1, 3]]",inf,5,0.165+((x[0])*(36.13)),"{'generation': 0, 'evals': 1, 'test_error': 0.0}","[1, 3, 1, 0, 1, 1, 1, 7]"
473,"[[0], [1, 3], [], [0], [0], [], [0], [4, 3, 4]]",inf,5,0.434+((_exp_(x[0]))),"{'generation': 0, 'evals': 1, 'test_error': 0.0}","[1, 2, 0, 1, 1, 0, 1, 3]"
474,"[[0], [0, 1, 3, 1, 2], [1], [0, 0], [0], [0], [0], [4, 0, 0, 2, 8, 5, 6]]",inf,7,0.400+(((_exp_(x[0])))-((_exp_(28.56)))),"{'generation': 0, 'evals': 1, 'test_error': 0.0}","[1, 5, 1, 2, 1, 1, 1, 7]"
475,"[[0], [0, 2, 2], [2], [], [], [0, 0], [0], [5, 6, 7, 8, 7, 7, 3, 2, 1, 4, 7]]",inf,5,0.567+((87.73)*(21.47)),"{'generation': 0, 'evals': 1, 'test_error': 0.0}","[1, 3, 1, 0, 0, 2, 1, 11]"
476,"[[0], [1, 2], [], [0], [], [0], [0], [7, 4, 9, 3, 2, 7, 2]]",inf,6,0.749+((_exp_(32.72))),"{'generation': 0, 'evals': 1, 'test_error': 0.0}","[1, 2, 0, 1, 0, 1, 1, 7]"
477,"[[0], [1], [], [2], [], [0, 0], [0], [9, 5, 9, 0, 2, 3, 8, 0, 0, 3, 4]]",inf,5,0.959+((_exp_((x[0]-02.38)|_div_|00.34))),"{'generation': 0, 'evals': 1, 'test_error': 0.0}","[1, 1, 0, 1, 0, 2, 1, 11]"
478,"[[0], [1, 3], [], [0], [0], [], [0], [4, 5, 6]]",inf,5,0.456+((_exp_(x[0]))),"{'generation': 0, 'evals': 1, 'test_error': 0.0}","[1, 2, 0, 1, 1, 0, 1, 3]"
479,"[[0], [0, 2, 1, 3], [2], [0], [0], [0], [0], [8, 6, 0, 0, 0, 7, 7]]",inf,6,0.860+((00.77)*((_exp_(x[0])))),"{'generation': 0, 'evals': 1, 'test_error': 0.0}","[1, 4, 1, 1, 1, 1, 1, 7]"
480,"[[0], [0, 3, 2], [2], [], [0], [0], [0], [3, 9, 9, 5, 5, 3, 0]]",inf,5,0.399+((x[0])*(55.30)),"{'generation': 0, 'evals': 1, 'test_error': 0.0}","[1, 3, 1, 0, 1, 1, 1, 7]"
481,"[[0], [1, 3], [], [0], [0], [], [0], [1, 5, 0]]",inf,5,0.150+((_exp_(x[0]))),"{'generation': 0, 'evals': 1, 'test_error': 0.0}","[1, 2, 0, 1, 1, 0, 1, 3]"
482,"[[0], [1, 3], [], [0], [0], [], [0], [6, 5, 8]]",inf,5,0.658+((_exp_(x[0]))),"{'generation': 0, 'evals': 1, 'test_error': 0.0}","[1, 2, 0, 1, 1, 0, 1, 3]"
483,"[[0], [0, 2, 3], [2], [], [0], [0], [0], [5, 9, 9, 1, 9, 8, 6]]",inf,5,0.599+((19.86)*(x[0])),"{'generation': 0, 'evals': 1, 'test_error': 0.0}","[1, 3, 1, 0, 1, 1, 1, 7]"
484,"[[0], [0, 2, 3], [2], [], [0], [0], [0], [6, 0, 0, 8, 6, 6, 6]]",inf,5,0.600+((86.66)*(x[0])),"{'generation': 0, 'evals': 1, 'test_error': 0.0}","[1, 3, 1, 0, 1, 1, 1, 7]"
485,"[[0], [1, 2], [], [0], [], [0], [0], [3, 6, 4, 5, 3, 7, 2]]",inf,6,0.364+((_exp_(53.72))),"{'generation': 0, 'evals': 1, 'test_error': 0.0}","[1, 2, 0, 1, 0, 1, 1, 7]"
486,"[[0], [0, 3, 3], [2], [], [0, 0], [], [0], [5, 7, 9]]",inf,4,0.579+((x[0])*(x[0])),"{'generation': 0, 'evals': 1, 'test_error': 0.0}","[1, 3, 1, 0, 2, 0, 1, 3]"
487,"[[0], [1], [], [1], [], [0, 0], [0], [5, 4, 2, 6, 8, 0, 5, 0, 2, 2, 8]]",inf,5,0.542+((_exp_((x[0]-68.05)|_div_|02.28))),"{'generation': 0, 'evals': 1, 'test_error': 0.0}","[1, 1, 0, 1, 0, 2, 1, 11]"
488,"[[0], [1, 2], [], [0], [], [0], [0], [3, 5, 4, 4, 7, 4, 6]]",inf,6,0.354+((_exp_(47.46))),"{'generation': 0, 'evals': 1, 'test_error': 0.0}","[1, 2, 0, 1, 0, 1, 1, 7]"
489,"[[0], [0, 3, 1, 3], [3], [0], [0, 0], [], [0], [6, 8, 0]]",inf,6,0.680+((x[0])|_div_|((_exp_(x[0])))),"{'generation': 0, 'evals': 1, 'test_error': 0.0}","[1, 4, 1, 1, 2, 0, 1, 3]"
490,"[[0], [1, 2], [], [0], [], [0], [0], [3, 2, 8, 9, 6, 9, 3]]",inf,6,0.328+((_exp_(96.93))),"{'generation': 0, 'evals': 1, 'test_error': 0.0}","[1, 2, 0, 1, 0, 1, 1, 7]"
491,"[[0], [0, 2, 2], [2], [], [], [0, 0], [0], [7, 7, 2, 8, 5, 5, 1, 7, 1, 6, 5]]",inf,5,0.772+((85.51)*(71.65)),"{'generation': 0, 'evals': 1, 'test_error': 0.0}","[1, 3, 1, 0, 0, 2, 1, 11]"
492,"[[0], [1, 2], [], [0], [], [0], [0], [7, 1, 3, 8, 9, 2, 0]]",inf,6,0.713+((_exp_(89.20))),"{'generation': 0, 'evals': 1, 'test_error': 0.0}","[1, 2, 0, 1, 0, 1, 1, 7]"
493,"[[0], [0, 3, 3], [2], [], [0, 0], [], [0], [0, 0, 6]]",inf,4,0.006+((x[0])*(x[0])),"{'generation': 0, 'evals': 1, 'test_error': 0.0}","[1, 3, 1, 0, 2, 0, 1, 3]"
494,"[[0], [0, 2, 1], [1], [2], [], [0, 0, 0], [0], [6, 6, 0, 9, 1, 8, 3, 3, 8, 9, 3, 0, 6, 2, 4]]",inf,6,0.660+((91.83)-((_exp_((x[0]-38.93)|_div_|06.24)))),"{'generation': 0, 'evals': 1, 'test_error': 0.0}","[1, 3, 1, 1, 0, 3, 1, 15]"
495,"[[0], [1, 2], [], [0], [], [0], [0], [6, 5, 1, 6, 9, 8, 0]]",inf,6,0.651+((_exp_(69.80))),"{'generation': 0, 'evals': 1, 'test_error': 0.0}","[1, 2, 0, 1, 0, 1, 1, 7]"
496,"[[0], [0, 3, 3], [2], [], [0, 0], [], [0], [6, 3, 0]]",inf,4,0.630+((x[0])*(x[0])),"{'generation': 0, 'evals': 1, 'test_error': 0.0}","[1, 3, 1, 0, 2, 0, 1, 3]"
497,"[[0], [1, 3], [], [0], [0], [], [0], [3, 2, 3]]",inf,5,0.323+((_exp_(x[0]))),"{'generation': 0, 'evals': 1, 'test_error': 0.0}","[1, 2, 0, 1, 1, 0, 1, 3]"
498,"[[0], [1, 3], [], [0], [0], [], [0], [4, 1, 1]]",inf,5,0.411+((_exp_(x[0]))),"{'generation': 0, 'evals': 1, 'test_error': 0.0}","[1, 2, 0, 1, 1, 0, 1, 3]"
499,"[[0], [0, 2, 1], [0], [2], [], [0, 0, 0], [0], [0, 0, 9, 0, 5, 9, 1, 1, 9, 7, 2, 1, 0, 0, 5]]",inf,6,0.009+((05.91)+((_exp_((x[0]-19.72)|_div_|10.05)))),"{'generation': 0, 'evals': 1, 'test_error': 0.0}","[1, 3, 1, 1, 0, 3, 1, 15]"
